Gene,GeneID,GlobalID
TSPAN6,0,0
DPM1,2,1
SCYL3,3,2
NFYA,9,3
STPG1,10,4
SEMA3F,14,5
CFTR,15,6
LAP3,22,7
MAD1L1,28,8
SNX11,30,9
CYP26B1,34,10
ICA1,35,11
DBNDD1,36,12
ALS2,37,13
CASP10,38,14
TFPI,40,15
PLXND1,48,16
AK2,49,17
KDM1A,52,18
RBM6,53,19
VPS50,56,20
ARHGAP33,58,21
SLC25A13,65,22
SLC4A1,68,23
SLC25A5,75,24
HOXA11,77,25
POLR2J,78,26
DHX33,79,27
LIG3,82,28
ACSM3,84,29
REXO5,85,30
CIAPIN1,86,31
ATOSB,88,32
CREBBP,92,33
KMT2E,100,34
ZNF263,127,35
TNFRSF12A,131,36
BAIAP2L1,135,37
VPS41,153,38
SCIN,156,39
PNPLA4,158,40
ADIPOR2,160,41
CDKL3,161,42
CCDC124,166,43
PAFAH1B1,168,44
DNAH9,170,45
GAS7,173,46
TRAPPC6A,174,47
CD79B,177,48
ST7L,179,49
PAX6,181,50
CACNA2D2,185,51
BAIAP3,186,52
TEAD3,190,53
DNAJC11,192,54
NOX1,195,55
E2F2,196,56
SYPL1,208,57
SPAG9,210,58
SS18L2,214,59
MGST1,216,60
NFIX,219,61
MMP25,221,62
PKD1,223,63
MED24,225,64
UBE3C,231,65
REV3L,232,66
MASP2,235,67
TRAF3IP3,238,68
VTA1,240,69
BAZ1B,242,70
RANBP9,243,71
SPRTN,245,72
STARD3NL,250,73
FUZ,260,74
CD4,265,75
SCMH1,269,76
HIVEP2,271,77
FMO1,272,78
ELOA,273,79
CLCN6,275,80
MRC2,276,81
APBA3,280,82
MKS1,281,83
TTC19,288,84
DPF1,290,85
LARS2,292,86
ANLN,295,87
RABGAP1,297,88
CEP68,301,89
LDAF1,305,90
BRCA1,307,91
CD22,309,92
MBTPS2,311,93
LTF,313,94
EXTL3,314,95
MAP4K5,321,96
CLDN11,326,97
SLC25A39,327,98
PGM3,330,99
RWDD2A,331,100
ANGEL1,334,101
RNF14,335,102
DDX11,337,103
TACC3,342,104
UFL1,343,105
ZC3H3,345,106
CAPN1,346,107
MDH1,348,108
COX15,351,109
CCDC88C,352,110
BID,357,111
NPC1L1,359,112
XYLT2,360,113
RGPD5,361,114
ATP2C1,370,115
RALBP1,373,116
AGPS,378,117
STEEP1,379,118
NCDN,393,119
MNAT1,396,120
SAMD4A,397,121
MRE11,399,122
PLEKHB1,400,123
NRXN3,405,124
OSBPL5,406,125
AQR,407,126
CPS1,408,127
C8B,409,128
RNH1,419,129
NDUFS1,420,130
ERP44,422,131
ALAS1,423,132
GLRX2,426,133
STRAP,429,134
UBR2,434,135
DEPDC1,436,136
PHF20,440,137
NR1H3,442,138
NCAPH2,444,139
TOMM34,445,140
SEC63,446,141
VIM,448,142
CD44,451,143
SH2D2A,461,144
VRK2,462,145
TNFRSF1B,463,146
VEZT,464,147
TBPL1,468,148
RANBP3,486,149
PNPLA6,489,150
LRRC7,495,151
GAB2,498,152
FAM136A,512,153
VCL,513,154
ADSS2,517,155
RFC1,520,156
CUL3,522,157
ZZZ3,526,158
TUBG2,530,159
RPL26L1,531,160
METTL1,537,161
MAT2B,542,162
EDC4,544,163
MTREX,550,164
PHF23,565,165
CDH10,566,166
LSG1,571,167
TNC,573,168
THAP3,574,169
AIFM2,577,170
MED17,579,171
RETSAT,580,172
CAPG,581,173
AP2S1,582,174
DCUN1D1,588,175
TRIT1,592,176
ADRB1,593,177
CTNNA1,596,178
EPHA3,599,179
WDR37,607,180
CTPS2,609,181
TPR,614,182
KATNIP,616,183
WWC3,622,184
MAP4,625,185
NOP16,631,186
VPS13D,641,187
ERCC8,647,188
ADAMTS6,648,189
VAMP3,650,190
ARID1B,659,191
PTCD2,665,192
NFE2L3,670,193
BCAR1,680,194
HOMER3,683,195
MPHOSPH9,690,196
SIKE1,693,197
FNIP2,695,198
MRTO4,703,199
NNAT,704,200
MCF2L2,706,201
PHPT1,714,202
ARID4B,717,203
SDCCAG8,719,204
SYNE2,725,205
PLEKHH1,726,206
ATP9A,727,207
RELT,731,208
GALC,732,209
SZRD1,734,210
CUL1,736,211
GINM1,740,212
KMT2C,743,213
PUM2,746,214
MRPL43,747,215
TRAF3IP2,758,216
MSH4,764,217
GDI2,766,218
ATG5,768,219
PITHD1,770,220
PPP1R12A,777,221
RASGRF1,778,222
CROCC,780,223
ATP2B4,782,224
NDC1,786,225
ALDH18A1,792,226
MXD1,795,227
CDK17,796,228
DNAJC25,797,229
CCAR1,804,230
OGFR,805,231
PIGV,808,232
SPAG4,821,233
NCKAP1,822,234
SFSWAP,825,235
GPBP1,830,236
ZNF112,832,237
EIF4B,842,238
RPL18,846,239
ISOC2,848,240
RNF4,859,241
INTS13,862,242
SPA17,865,243
NGFR,871,244
TNPO3,875,245
ABCA7,885,246
BTBD1,888,247
FAR2,889,248
BCAS1,890,249
CALCRL,896,250
TAF11,897,251
BLTP3A,903,252
IPO5,905,253
PKN2,908,254
NDUFB4,922,255
MAP2K4,926,256
SLK,929,257
CYB5R4,930,258
CDK13,940,259
MTHFD2,941,260
ELAVL1,948,261
SMARCD1,951,262
KDM4A,952,263
NFYC,953,264
ZMYND12,954,265
SLC9A3,955,266
ASPM,957,267
ELOVL1,959,268
LRRC40,968,269
EML1,970,270
KIF26A,974,271
ATG2B,975,272
MTFR1,978,273
PFKP,983,274
IDI1,984,275
PLPP1,987,276
CACNB1,992,277
EVI5,993,278
STOML1,994,279
DHX29,996,280
DNTTIP2,997,281
RHOA,1002,282
PRKCZ,1004,283
IARS2,1006,284
CBFB,1014,285
PDK3,1015,286
HDAC4,1017,287
HEATR6,1021,288
MEF2A,1024,289
OTUD5,1025,290
TBC1D25,1027,291
ACSL4,1028,292
INPP5A,1029,293
ATP11A,1035,294
LAPTM4A,1037,295
TTC7A,1038,296
PPP2R5B,1047,297
PYGM,1048,298
PITX1,1050,299
MAST4,1052,300
DNAJA2,1059,301
ABCC9,1062,302
ATP1B3,1072,303
PIGB,1074,304
MAPK6,1075,305
HDHD5,1078,306
PHRF1,1083,307
ELP1,1084,308
PTPN3,1087,309
DAPP1,1089,310
SLC44A1,1091,311
CLTCL1,1095,312
MNT,1100,313
ST6GALNAC1,1104,314
NDST1,1108,315
PABPC1,1114,316
TESK2,1115,317
CFAP20,1116,318
EIF2B3,1119,319
TCOF1,1121,320
MGAT4A,1131,321
ING3,1138,322
BUD23,1141,323
DAZAP1,1147,324
HLTF,1150,325
MYO3B,1154,326
CYBRD1,1155,327
RDH11,1159,328
ACTN1,1163,329
ZFYVE26,1164,330
EPN2,1166,331
SPEG,1170,332
LNX1,1171,333
ALDH3A2,1172,334
SREBF1,1174,335
AFF4,1176,336
RHOBTB1,1179,337
HSD17B10,1181,338
MARK2,1182,339
CHFR,1184,340
P4HA2,1186,341
NFATC3,1188,342
TRNT1,1189,343
FBXW11,1192,344
SIDT1,1197,345
NDE1,1198,346
AP1M1,1201,347
XRCC1,1203,348
SCARB1,1204,349
PANX2,1208,350
ALPK1,1211,351
CLCN4,1214,352
SDHA,1216,353
KDM5A,1220,354
ADAM11,1221,355
IGF2BP2,1228,356
MAP3K13,1229,357
PICALM,1233,358
MRPS34,1237,359
NOTCH3,1238,360
TEAD2,1241,361
ATP2A3,1247,362
BCS1L,1251,363
ZNF532,1255,364
ZZEF1,1260,365
ENO1,1262,366
ANO8,1265,367
TUBE1,1266,368
ARHGEF10L,1267,369
TIPIN,1273,370
NUP37,1276,371
GTSE1,1278,372
ZNF638,1285,373
RASAL2,1290,374
VPS9D1,1291,375
FOSL2,1296,376
FSCN1,1301,377
WDR62,1306,378
RAB7A,1308,379
BCAP29,1309,380
KIFAP3,1316,381
MCM6,1318,382
REXO2,1319,383
UNG,1325,384
KLHL20,1327,385
PLXNA2,1330,386
SPAG5,1331,387
ANKRD13A,1332,388
ACACB,1334,389
TRAF4,1335,390
NT5C2,1339,391
MAP2K7,1348,392
NMRK2,1349,393
DGKD,1350,394
TOP2B,1354,395
TM9SF3,1355,396
NFKB2,1356,397
UBE2T,1357,398
PPP1R12B,1358,399
GTF3C1,1360,400
DYNC1I2,1369,401
LRCH4,1371,402
SIRT6,1373,403
NAALAD2,1379,404
FGFR1,1383,405
AMPH,1391,406
SYNJ2,1403,407
ADCY2,1404,408
PPP2R5C,1405,409
GNB1,1407,410
ZCWPW1,1411,411
PCM1,1418,412
CBFA2T2,1420,413
PKD2L2,1423,414
TP53INP2,1424,415
SDF4,1425,416
MYH7B,1426,417
TP73,1428,418
SP140,1440,419
TNS1,1442,420
CDC14A,1445,421
SENP1,1448,422
CIC,1450,423
LIPE,1451,424
FDFT1,1452,425
KIF22,1456,426
PGM1,1459,427
DDX1,1460,428
RABL2B,1466,429
KEAP1,1467,430
SLC35C2,1471,431
CRYBG3,1472,432
RIF1,1476,433
SESN1,1481,434
PUM3,1486,435
CHRNA3,1488,436
KCNN2,1489,437
CNOT4,1490,438
CPOX,1492,439
CLDND1,1493,440
MOK,1494,441
IGSF9B,1498,442
MAGI3,1503,443
COL4A4,1506,444
TCF7,1507,445
OSTM1,1508,446
PCNP,1511,447
ARG2,1513,448
PKP1,1517,449
STK17B,1519,450
LRP2,1522,451
ZNF506,1523,452
AACS,1526,453
CADPS2,1529,454
PHLPP1,1531,455
IL12RB2,1533,456
SMARCD3,1534,457
WDR70,1535,458
ME2,1542,459
C5orf22,1543,460
CCNT2,1544,461
TRAF5,1552,462
MRPL22,1553,463
ITGB5,1559,464
XPO1,1561,465
DOP1A,1565,466
LYRM2,1566,467
GRHL2,1571,468
DIS3,1576,469
TDRD3,1578,470
CYLD,1584,471
SLC27A5,1585,472
ZNF264,1591,473
YTHDC1,1594,474
SMAP2,1596,475
PPIE,1597,476
SSH1,1603,477
GSTP1,1604,478
FAM234B,1606,479
HADHA,1620,480
MAPRE3,1621,481
ATRX,1626,482
AK6,1627,483
SCAMP1,1631,484
WDR47,1635,485
SLC25A24,1638,486
MAP3K4,1639,487
WNT11,1648,488
EPS15,1652,489
ORC1,1653,490
USP40,1657,491
MAST2,1660,492
DNAJA1,1661,493
AQP6,1665,494
DIMT1,1666,495
SEPHS1,1673,496
MRPL28,1674,497
CEACAM6,1677,498
RBM22,1679,499
TMED2,1680,500
ERO1B,1681,501
ZW10,1688,502
ALG9,1689,503
PPP1R15A,1694,504
ACHE,1697,505
FTL,1698,506
SRRT,1699,507
PIGS,1702,508
PGS1,1706,509
UIMC1,1708,510
MMP2,1710,511
GNAO1,1713,512
OGFOD1,1714,513
RTRAF,1720,514
SF3B2,1723,515
DNM1L,1726,516
TFAP2C,1730,517
AAMDC,1734,518
RFX2,1735,519
PTPN4,1741,520
KHSRP,1743,521
EDEM2,1746,522
REM1,1748,523
TGDS,1755,524
COQ9,1758,525
KIF9,1760,526
CRLS1,1762,527
PPP1R13B,1763,528
SMOX,1765,529
NSFL1C,1768,530
SLC4A11,1769,531
KIZ,1778,532
DYNLL1,1779,533
MAPKAPK5,1784,534
P2RX7,1785,535
ESF1,1786,536
ANAPC5,1788,537
TMEM230,1791,538
OAS1,1797,539
GCN1,1798,540
PXN,1800,541
TRMT6,1804,542
ZNF302,1814,543
GANAB,1821,544
MLF2,1826,545
OTUB2,1827,546
RCOR1,1834,547
SPTLC1,1839,548
MRPS33,1845,549
NUDC,1847,550
MAEA,1848,551
MUL1,1854,552
TFAP4,1855,553
THPO,1861,554
FLT3LG,1863,555
RAB11FIP3,1864,556
GNPTG,1865,557
PABPC4,1868,558
MCOLN1,1871,559
USP48,1872,560
PDPR,1874,561
PLEKHG2,1879,562
EXOC1,1883,563
RBM27,1884,564
DTX2,1887,565
NLRC4,1888,566
PUS7,1889,567
DLD,1895,568
WDR7,1896,569
FH,1905,570
CDV3,1908,571
PITPNM3,1913,572
ZC3HC1,1919,573
CMA1,1926,574
JPH4,1930,575
SLC7A8,1933,576
SLC22A17,1935,577
TGM1,1945,578
TYRO3,1950,579
SNAP23,1953,580
PHGDH,1955,581
COL9A3,1956,582
EZR,1957,583
MYL6,1958,584
TEKT2,1960,585
UNC13D,1963,586
MFSD11,1964,587
XYLB,1975,588
AAAS,1983,589
CBX5,1984,590
MSH2,1987,591
ARCN1,1992,592
EPB41L4B,1993,593
NUP188,1997,594
CRAT,1998,595
BTAF1,2006,596
CYP26A1,2010,597
IL11,2015,598
WAC,2017,599
CREM,2018,600
NUBP2,2019,601
HIVEP1,2022,602
MRPS18A,2029,603
HSP90AB1,2034,604
CDC5L,2035,605
JAK2,2042,606
IL12RB1,2043,607
ABL1,2044,608
ACOT7,2045,609
SYDE2,2048,610
PALMD,2057,611
TSPAN15,2058,612
MACROH2A2,2059,613
MAST3,2061,614
MZF1,2062,615
OCEL1,2063,616
HSD3B7,2070,617
SETD1A,2071,618
TECR,2083,619
HCN2,2091,620
IZUMO4,2093,621
ARVCF,2099,622
TRMT2A,2100,623
ZDHHC8,2102,624
KLHL22,2103,625
MED15,2104,626
SERPIND1,2105,627
SNAP29,2106,628
SMARCB1,2111,629
BCL2L13,2115,630
DDTL,2116,631
CABIN1,2120,632
SUSD2,2122,633
RNF215,2125,634
SPECC1L,2128,635
UPB1,2130,636
MAPK1,2134,637
TOP3B,2139,638
CYTH4,2141,639
MFNG,2143,640
CARD10,2144,641
SLC25A1,2145,642
GRK3,2146,643
HIRA,2150,644
SRRD,2156,645
PATZ1,2157,646
TFIP11,2159,647
ANKRD54,2163,648
EIF3L,2164,649
SOX10,2168,650
CENPM,2174,651
DDX17,2180,652
DMC1,2181,653
TCF20,2182,654
HSCB,2183,655
CBY1,2184,656
XBP1,2187,657
RTCB,2188,658
JOSD1,2189,659
FBXO7,2190,660
GTPBP1,2191,661
RAB36,2193,662
PPP6R2,2195,663
SBF1,2196,664
DNAL4,2199,665
C22orf31,2200,666
RHBDD3,2203,667
TTLL1,2205,668
RASL10A,2206,669
PDGFB,2223,670
RPL3,2226,671
ZMAT5,2227,672
TAB1,2230,673
SAMM50,2240,674
FOXRED2,2242,675
EIF3D,2244,676
TNRC6B,2245,677
EP300,2259,678
L3MBTL2,2260,679
ACO2,2265,680
PMM1,2268,681
CERK,2270,682
BRD1,2271,683
ABHD4,2276,684
AP4S1,2286,685
VCPKMT,2288,686
TRIM9,2293,687
CNIH1,2298,688
PIGH,2303,689
VTI1B,2305,690
GSTZ1,2307,691
GALNT16,2324,692
HIF1A,2328,693
SUSD6,2329,694
DICER1,2335,695
ZFYVE21,2336,696
MTHFD1,2337,697
PCNX1,2341,698
ACIN1,2352,699
CCNB1IP1,2353,700
CINP,2359,701
CHD8,2363,702
PRORP,2365,703
PSMA6,2367,704
PSME2,2370,705
REC8,2372,706
GMPR2,2375,707
NFATC4,2378,708
PCIF1,2380,709
GSS,2381,710
PROCR,2387,711
CD40,2390,712
ZMYND8,2392,713
SGK2,2393,714
RAB5IF,2400,715
ADNP,2406,716
PFDN4,2407,717
RAE1,2411,718
TPD52L2,2412,719
DNAJC5,2413,720
CTSZ,2415,721
PRELID3B,2418,722
MRGBP,2424,723
TCFL5,2425,724
GID8,2427,725
ARFGAP1,2431,726
AVP,2432,727
GMEB2,2437,728
RNF24,2442,729
CSNK2A1,2448,730
SLC52A3,2449,731
FERMT1,2459,732
TM9SF4,2466,733
TLDC2,2467,734
POFUT1,2469,735
MAPRE1,2477,736
JAG1,2478,737
ACTR5,2493,738
WFDC2,2494,739
EPPIN,2498,740
DHX35,2499,741
PIGU,2503,742
TNNC2,2504,743
ZNF516,2508,744
RBFA,2511,745
VAPA,2513,746
SMCHD1,2516,747
SMAD7,2523,748
ANKRD12,2527,749
CSTF2,2533,750
PGRMC1,2541,751
POLA1,2542,752
NKAP,2544,753
ATP1B4,2548,754
MCTS2,2549,755
MOSPD1,2553,756
WDR13,2556,757
CCDC22,2567,758
RENBP,2575,759
RBBP7,2581,760
SLC25A14,2585,761
SLC35A2,2589,762
PQBP1,2590,763
MAGT1,2598,764
UBL4A,2601,765
CD99L2,2602,766
EEA1,2603,767
HTATSF1,2611,768
PIN4,2619,769
MAGED2,2622,770
RBM3,2623,771
TAF7L,2630,772
GLA,2632,773
FGF14,2637,774
DNAJC3,2648,775
ARHGEF7,2650,776
SUPT20H,2654,777
SLC25A15,2656,778
KPNA3,2657,779
KATNAL1,2662,780
DHRS12,2665,781
ZNF629,2672,782
TRADD,2673,783
CORO1A,2675,784
ELMO3,2678,785
CENPT,2684,786
TSNAXIP1,2685,787
N4BP1,2688,788
CBLN1,2689,789
ARL2BP,2690,790
CTCF,2696,791
ACD,2697,792
CYB5B,2703,793
CFAP263,2704,794
NME3,2706,795
SETD6,2709,796
SLC38A7,2710,797
VAC14,2711,798
TANGO6,2713,799
COG4,2714,800
SLC7A6OS,2716,801
ESRP2,2719,802
AXIN1,2724,803
NPRL3,2726,804
NAGPA,2732,805
COTL1,2735,806
USP10,2736,807
ABCC1,2741,808
SLC7A5,2750,809
EEF2K,2760,810
GSPT1,2763,811
ZNF174,2764,812
UBFD1,2766,813
EARS2,2768,814
USP31,2773,815
DNAJA3,2775,816
BCKDK,2787,817
NOMO1,2789,818
TMC5,2792,819
RNF40,2796,820
AAGAB,2799,821
CSK,2803,822
HERC1,2804,823
TRIP4,2805,824
MTFMT,2806,825
ACSBG1,2809,826
RAB11A,2811,827
TTC23,2813,828
CEMIP,2816,829
HOMER2,2818,830
EHD4,2819,831
ZNF106,2821,832
CEP152,2822,833
ATP8B4,2823,834
DNAJC17,2833,835
EIF3J,2834,836
VPS18,2837,837
SGK3,2842,838
CA2,2850,839
FZD3,2851,840
BPNT2,2860,841
UBE2W,2863,842
JPH1,2868,843
EIF3E,2873,844
EMC2,2874,845
NDRG1,2877,846
CHRAC1,2884,847
NCALD,2885,848
UBR5,2888,849
SQLE,2894,850
DCTN6,2901,851
TUSC3,2909,852
KLHDC4,2911,853
HNRNPL,2927,854
TUBB4A,2931,855
SARS2,2932,856
CLASRP,2937,857
DOT1L,2947,858
CD37,2952,859
OAZ1,2957,860
TRMT1,2958,861
STX10,2959,862
TBC1D17,2965,863
IL4I1,2966,864
YJU2B,2968,865
PTOV1,2969,866
TLE5,2970,867
MED25,2974,868
TIMM44,2978,869
SYDE1,2994,870
CCNE1,2999,871
DYRK1B,3006,872
GPI,3009,873
PIAS4,3013,874
SLC1A5,3024,875
PRKD2,3025,876
CACTIN,3028,877
FZR1,3031,878
BBC3,3032,879
DENND3,3034,880
DMAC2,3035,881
MRPL4,3039,882
NOP53,3044,883
ICAM5,3046,884
MEIS3,3058,885
PTPRS,3059,886
CNFN,3060,887
MEGF8,3062,888
KDELR1,3063,889
LIG1,3071,890
RAB3D,3078,891
CAPS,3081,892
PLPPR2,3082,893
PLEKHA4,3089,894
GCDH,3094,895
KLF1,3096,896
LENG1,3099,897
SLC5A5,3104,898
PIK3R2,3107,899
RAB3A,3108,900
CRTC1,3112,901
ARMC6,3119,902
TMEM147,3120,903
USF2,3125,904
LSR,3126,905
KXD1,3127,906
FKBP8,3128,907
SUGP1,3129,908
GSK3A,3135,909
ATP13A1,3136,910
ZNF85,3140,911
ETHE1,3141,912
CADM4,3142,913
SMG9,3143,914
AVL9,3144,915
GTPBP10,3147,916
CDK6,3149,917
BET1,3153,918
POLR1F,3155,919
CBLL1,3165,920
OGDH,3175,921
DNAJB6,3187,922
HOXA6,3192,923
IQCE,3194,924
TSPAN12,3197,925
HOXA13,3199,926
CPED1,3200,927
HIBADH,3202,928
GRB10,3206,929
ABHD11,3207,930
NOD1,3212,931
MINDY4,3216,932
CHCHD2,3219,933
PTCD1,3225,934
AIMP2,3236,935
MOSPD3,3239,936
RBM28,3244,937
USP42,3245,938
AP1S1,3250,939
C1GALT1,3252,940
ZNHIT1,3255,941
MYL10,3259,942
MEST,3267,943
ANKMY2,3269,944
ACTR3C,3270,945
AGR2,3274,946
AHR,3275,947
PSMA2,3280,948
MRPL32,3281,949
BLVRA,3283,950
URGCP,3284,951
TMEM248,3285,952
RHEB,3286,953
MYL7,3290,954
CLIP2,3296,955
SPATA6L,3299,956
CNTNAP3,3304,957
SPIN1,3305,958
MEGF9,3309,959
TRIM14,3310,960
SEC61B,3313,961
SUSD1,3321,962
ENG,3326,963
AK1,3327,964
CDC37L1,3328,965
RIC1,3333,966
NCS1,3338,967
FUBP3,3342,968
CREB3,3344,969
RGP1,3345,970
RIGI,3348,971
EDF1,3349,972
BAG1,3352,973
RAPGEF1,3353,974
NPDC1,3354,975
SETX,3356,976
ZFAND5,3364,977
GATA3,3369,978
HPS1,3371,979
DDX50,3382,980
MAPK8,3383,981
SEC23IP,3384,982
PALD1,3388,983
UNC5B,3389,984
CDH23,3390,985
MICU1,3393,986
BMPR1A,3396,987
NPM3,3407,988
GBF1,3410,989
FBXL15,3413,990
MTPAP,3423,991
SH3PXD2A,3425,992
PITRM1,3426,993
TASOR2,3433,994
SMC3,3435,995
SHOC2,3436,996
TFAM,3437,997
CUL2,3439,998
RPL28,3442,999
ZMIZ1,3443,1000
PBLD,3446,1001
TSPAN14,3447,1002
CYP2C18,3450,1003
NUFIP2,3453,1004
FBXL20,3456,1005
CSF3,3459,1006
RNF43,3464,1007
RAD51C,3467,1008
MTMR4,3469,1009
TRIM37,3470,1010
TUBD1,3474,1011
GOSR2,3476,1012
PNPO,3477,1013
RPS6KB1,3478,1014
CBX1,3480,1015
RECQL5,3481,1016
GALK1,3483,1017
MED13,3486,1018
SLC25A11,3491,1019
C1QBP,3496,1020
FTSJ3,3504,1021
ICAM2,3508,1022
UTP6,3511,1023
C17orf75,3513,1024
CYTH1,3514,1025
LGALS3BP,3516,1026
CCL7,3518,1027
CCL2,3519,1028
PEX12,3521,1029
KRT32,3522,1030
RAB5C,3525,1031
NAGLU,3526,1032
HSD17B1,3527,1033
MLX,3528,1034
CNTNAP1,3529,1035
SGCA,3535,1036
RND2,3539,1037
LUC7L3,3543,1038
SMURF2,3546,1039
DUSP3,3547,1040
EFTUD2,3549,1041
YWHAE,3555,1042
MAP2K6,3559,1043
MYH1,3563,1044
TNFAIP1,3569,1045
IFT20,3570,1046
CDR2L,3572,1047
PMP22,3573,1048
UNC119,3575,1049
PHF12,3579,1050
TMEM33,3581,1051
OCIAD1,3585,1052
USP46,3589,1053
CRACD,3594,1054
NFKB1,3597,1055
UBE2D3,3600,1056
ELF2,3602,1057
NDUFC1,3603,1058
TBC1D9,3605,1059
ZNF330,3606,1060
CPE,3611,1061
WFS1,3613,1062
GAR1,3616,1063
DHX15,3621,1064
FBXW7,3627,1065
KLF3,3643,1066
FAM149A,3645,1067
ELP4,3656,1068
ZPR1,3657,1069
FNBP4,3659,1070
SC5D,3661,1071
DNAJC4,3668,1072
SIAE,3669,1073
ATG2A,3673,1074
EHD1,3674,1075
OSBP,3675,1076
PUS3,3677,1077
DCPS,3678,1078
FOXRED1,3680,1079
PPP6R3,3681,1080
CCND1,3687,1081
HPX,3692,1082
FOLR1,3695,1083
PANX1,3698,1084
CEP164,3703,1085
EIF4G2,3706,1086
BIRC2,3709,1087
DDX6,3711,1088
CBL,3713,1089
MADD,3727,1090
NAA40,3729,1091
CARS1,3730,1092
SOX6,3737,1093
C11orf58,3738,1094
PITPNM1,3739,1095
NUP98,3742,1096
TCIRG1,3744,1097
CHKA,3745,1098
GTF2H1,3748,1099
PPFIBP1,3754,1100
PRDM4,3757,1101
CLEC2B,3758,1102
SELPLG,3760,1103
ASIC1,3762,1104
DAO,3763,1105
CAPRIN2,3764,1106
TSPAN11,3765,1107
KCTD10,3766,1108
MLEC,3768,1109
CAMKK2,3771,1110
BCL7A,3777,1111
KRT18,3783,1112
TNS2,3785,1113
PPM1H,3787,1114
METAP2,3788,1115
MAGOHB,3793,1116
TRPV4,3794,1117
PRMT8,3798,1118
PARP11,3799,1119
VPS29,3802,1120
SH2B3,3807,1121
CDKN1B,3815,1122
GPRC5D,3816,1123
NAA25,3817,1124
SCNN1A,3819,1125
CDK2AP1,3822,1126
OAS2,3824,1127
RASAL1,3827,1128
GTF2H3,3829,1129
ENDOU,3834,1130
TBC1D30,3842,1131
RAB5B,3846,1132
CNOT2,3849,1133
KRR1,3852,1134
MRPL51,3853,1135
BLTP3B,3858,1136
GNB3,3861,1137
CDCA3,3862,1138
CHPT1,3863,1139
SPSB2,3867,1140
ENO2,3868,1141
ATN1,3869,1142
C12orf57,3870,1143
PTPN6,3871,1144
LPCAT3,3872,1145
SUDS3,3877,1146
PRKAB1,3880,1147
CMAS,3881,1148
PHC1,3888,1149
COX6A1,3889,1150
SRSF9,3892,1151
FGFR1OP2,3893,1152
BTN3A3,3896,1153
NEDD9,3907,1154
ASF1A,3910,1155
RNGTT,3913,1156
SERINC1,3916,1157
TPD52L1,3918,1158
SASH1,3922,1159
UST,3923,1160
PPARD,3927,1161
TULP1,3930,1162
SLC26A8,3931,1163
MAPK14,3932,1164
SRSF3,3936,1165
MCM3,3940,1166
FBXO9,3945,1167
SAYSD1,3949,1168
ZNF451,3955,1169
RAB23,3957,1170
FBXL4,3961,1171
E2F3,3964,1172
PTP4A1,3965,1173
ASCC3,3967,1174
WASF1,3971,1175
GPLD1,3972,1176
VNN2,3976,1177
SMAP1,3978,1178
C6orf62,3980,1179
GMNN,3982,1180
FIG4,3992,1181
HECA,3996,1182
PHACTR2,3998,1183
EPM2A,3999,1184
SLC39A7,4001,1185
PDE10A,4010,1186
BYSL,4015,1187
BICRAL,4020,1188
PPP2R5D,4021,1189
PTK7,4023,1190
DNPH1,4026,1191
DUSP22,4027,1192
EXOC2,4028,1193
TMEM30A,4030,1194
VEGFA,4034,1195
PRP4K,4035,1196
TTK,4036,1197
BTN2A1,4039,1198
CLIC5,4042,1199
PRSS16,4046,1200
HARS2,4050,1201
DAP,4059,1202
NME5,4060,1203
BRD8,4061,1204
NNT,4063,1205
MRPS30,4064,1206
MRPS27,4066,1207
PFDN1,4067,1208
LOX,4070,1209
TMCO6,4074,1210
SPARC,4075,1211
CERT1,4078,1212
CLK4,4082,1213
THG1L,4087,1214
ARSB,4088,1215
CNOT6,4091,1216
MSH3,4095,1217
CDH6,4101,1218
SUB1,4105,1219
NPR3,4106,1220
RAD1,4113,1221
BRIX1,4114,1222
C5orf15,4128,1223
TRIM23,4131,1224
SEC24A,4134,1225
RARS1,4137,1226
WWC1,4138,1227
MACROH2A1,4139,1228
HMGXB3,4144,1229
DBN1,4153,1230
EHHADH,4156,1231
SELENOK,4159,1232
ACTR8,4160,1233
TIMMDC1,4162,1234
CRBN,4163,1235
BCL6,4166,1236
HGD,4167,1237
NIT2,4173,1238
UBE3A,4178,1239
SLC25A36,4183,1240
RNF7,4185,1241
TFDP2,4186,1242
PFKFB4,4194,1243
COL7A1,4195,1244
HES1,4198,1245
ACAP2,4200,1246
TFG,4204,1247
TUSC2,4207,1248
RPL24,4209,1249
BBX,4214,1250
IFT57,4215,1251
GNB4,4216,1252
GBE1,4219,1253
SNX4,4223,1254
SLC41A3,4226,1255
MAPKAPK3,4243,1256
ACVR2B,4244,1257
COMMD2,4246,1258
RRP9,4249,1259
ABCC5,4250,1260
SSR3,4259,1261
FOXP1,4264,1262
SPCS1,4266,1263
KANSL3,4274,1264
IL1A,4278,1265
CCL20,4279,1266
FAHD2A,4282,1267
NCL,4283,1268
ACTR1B,4284,1269
SLC35F5,4285,1270
STEAP3,4288,1271
TP53I3,4292,1272
STAM2,4295,1273
GPD2,4297,1274
EIF2B4,4305,1275
NRBP1,4306,1276
ITGA4,4309,1277
PSMD14,4310,1278
PPM1G,4313,1279
IFIH1,4319,1280
GCA,4321,1281
MOGS,4323,1282
NDUFS7,4325,1283
PCGF1,4326,1284
AUP1,4331,1285
RTN4,4332,1286
HTRA2,4333,1287
LOXL3,4334,1288
POLE4,4337,1289
TACR1,4338,1290
EFEMP1,4345,1291
FANCL,4347,1292
STAT1,4349,1293
PAPOLG,4351,1294
PECR,4353,1295
IGFBP2,4355,1296
USP34,4358,1297
KCNJ13,4360,1298
NEU2,4363,1299
OTX1,4365,1300
TXNDC9,4366,1301
PDCL3,4372,1302
MOB4,4373,1303
HSPE1,4374,1304
ZNF142,4378,1305
FHL2,4389,1306
UXS1,4392,1307
PPP1R7,4397,1308
TPO,4400,1309
PROC,4401,1310
ID2,4402,1311
PLEKHB2,4408,1312
CEBPZ,4411,1313
RAB3GAP1,4415,1314
SOS1,4425,1315
ORC2,4428,1316
PNO1,4430,1317
AAK1,4436,1318
PCYOX1,4440,1319
NFE2L2,4449,1320
PARD3B,4454,1321
ALMS1,4456,1322
BCL9,4457,1323
PRRX1,4458,1324
DHCR24,4459,1325
DNAJC16,4460,1326
RALGPS2,4469,1327
ICMT,4479,1328
RPL22,4480,1329
CHD5,4481,1330
ERRFI1,4485,1331
AMPD2,4489,1332
SRSF4,4490,1333
MECR,4491,1334
EDEM3,4493,1335
WDR77,4494,1336
ATP5PB,4495,1337
RAP1A,4496,1338
SCAMP3,4501,1339
TRIM62,4502,1340
ASH1L,4503,1341
GON4L,4507,1342
LAMTOR2,4509,1343
MEF2D,4510,1344
DOCK7,4511,1345
FBXO2,4513,1346
SWT1,4516,1347
KIAA2013,4521,1348
MFN2,4522,1349
MIIP,4524,1350
NCF2,4526,1351
SLC35D1,4528,1352
PRDM2,4534,1353
UCHL5,4539,1354
BCAS2,4540,1355
AGMAT,4543,1356
OLFML3,4544,1357
ZBTB17,4550,1358
CD58,4551,1359
TMEM9,4557,1360
ADPRS,4558,1361
MAP7D1,4559,1362
WARS2,4560,1363
OSCP1,4562,1364
EXOC8,4564,1365
GNPAT,4565,1366
TSNAX,4566,1367
LGALS8,4570,1368
HPCAL4,4572,1369
BMP8B,4574,1370
ZNF684,4580,1371
KCNQ4,4581,1372
RIMS3,4582,1373
ETV3,4584,1374
MFAP2,4592,1375
RPF1,4593,1376
KDM5B,4594,1377
ZNHIT6,4602,1378
GBP3,4605,1379
CD160,4611,1380
ID3,4615,1381
PRPF3,4618,1382
APH1A,4619,1383
P3H1,4620,1384
ARTN,4625,1385
IPO13,4626,1386
ATP6V0B,4627,1387
ERI3,4629,1388
BLZF1,4635,1389
FAAH,4638,1390
TMED5,4640,1391
DR1,4641,1392
PRRC2C,4643,1393
DPH5,4647,1394
PTBP2,4649,1395
UTP25,4655,1396
SLC35A3,4662,1397
STMN1,4664,1398
MTFR1L,4665,1399
DHDDS,4669,1400
ARID1A,4673,1401
CENPF,4674,1402
PPP1R8,4676,1403
STX12,4677,1404
OSBPL9,4680,1405
ESYT2,4682,1406
POLR1G,4683,1407
RPS25,4701,1408
ATF6,4706,1409
CRYGD,4707,1410
MREG,4708,1411
CREB1,4711,1412
KLF7,4712,1413
IRAG2,4718,1414
ANKRD13C,4728,1415
PHF3,4730,1416
RAB32,4737,1417
RNF146,4741,1418
PMFBP1,4745,1419
RXYLT1,4749,1420
ZNF430,4750,1421
DCLRE1B,4752,1422
ARMC2,4755,1423
RPN2,4757,1424
TGIF2,4758,1425
PKD2,4761,1426
MFSD1,4767,1427
EEF2KMT,4769,1428
PPL,4770,1429
UBN1,4771,1430
KLF12,4772,1431
PCDH17,4774,1432
DNAH7,4781,1433
NDUFB3,4783,1434
GTF3C3,4784,1435
GDA,4788,1436
PIGZ,4794,1437
HEATR1,4799,1438
PTBP3,4800,1439
RAD23B,4801,1440
GLE1,4808,1441
PHF19,4813,1442
BSPRY,4815,1443
PPP6C,4816,1444
RBM18,4819,1445
HSDL2,4821,1446
MAPKAP1,4822,1447
GALNT12,4825,1448
DENND1A,4826,1449
ALG2,4827,1450
KDSR,4829,1451
DCAF4,4835,1452
PROX2,4836,1453
DNAL1,4846,1454
AREL1,4850,1455
TTLL5,4852,1456
PPP4R4,4856,1457
RBM25,4860,1458
ALDH6A1,4861,1459
SUPT7L,4870,1460
DNMT3A,4872,1461
TMEM214,4873,1462
FKBP1B,4875,1463
FAM98A,4878,1464
AFTPH,4880,1465
LGALSL,4881,1466
CRIPT,4884,1467
EPCAM,4885,1468
OGFRL1,4887,1469
IDE,4889,1470
ELOVL3,4891,1471
IFIT3,4892,1472
IFIT2,4894,1473
CUTC,4896,1474
PYROXD2,4898,1475
C10orf88,4902,1476
HELLS,4903,1477
TCTN3,4905,1478
AVPI1,4907,1479
ARMH3,4909,1480
KCNIP2,4910,1481
GNA13,4916,1482
HOXB8,4917,1483
MRPS14,4952,1484
CENPL,4953,1485
TCP1,4959,1486
SNX19,4961,1487
MSANTD2,4963,1488
PDZD11,4967,1489
NUDCD1,4969,1490
ENY2,4970,1491
EPC1,4974,1492
TAF12,4977,1493
MTRF1,4980,1494
UFM1,4984,1495
WBP4,4985,1496
ALG5,4990,1497
ETF1,4992,1498
TGFBI,4993,1499
FAM53C,4994,1500
SIL1,4995,1501
MTERF2,5008,1502
DUSP4,5013,1503
CLU,5014,1504
PTK2B,5017,1505
PPP3CC,5020,1506
ZNF706,5029,1507
LYPLA1,5030,1508
TRIM25,5037,1509
SPOP,5039,1510
SLC35B1,5041,1511
FAM117A,5044,1512
NCAPH,5045,1513
TMEM131L,5047,1514
ABCC11,5050,1515
TENT4B,5051,1516
PSPC1,5066,1517
RGSL1,5072,1518
RNF2,5074,1519
ZMYM2,5091,1520
GJA3,5093,1521
ZCCHC17,5097,1522
TMEM39B,5100,1523
ZNF639,5106,1524
SLITRK3,5107,1525
PIK3CA,5108,1526
LIAS,5111,1527
ZSCAN20,5114,1528
HPCA,5116,1529
LRIF1,5117,1530
ACVR2A,5124,1531
MTIF3,5129,1532
GTF3A,5130,1533
MTERF4,5134,1534
PAEP,5138,1535
MRPS2,5140,1536
FMOD,5141,1537
RBBP6,5150,1538
LDB3,5155,1539
SHLD2,5157,1540
PRXL2A,5158,1541
ZNF205,5159,1542
RPL5,5161,1543
LRRC39,5166,1544
CCDC18,5169,1545
RPAP2,5170,1546
SLC66A2,5171,1547
ZMIZ2,5174,1548
KLHL7,5178,1549
HERPUD2,5179,1550
HNRNPA2B1,5181,1551
ARL4A,5190,1552
SLC25A51,5198,1553
ACO1,5203,1554
CALD1,5211,1555
CHST3,5218,1556
VPS26A,5226,1557
RBM19,5227,1558
CIT,5228,1559
MED13L,5233,1560
CDKN2C,5234,1561
RASSF8,5236,1562
ACOT9,5243,1563
DDX39A,5245,1564
WDR83,5249,1565
GIPC1,5250,1566
NLN,5257,1567
ATF1,5261,1568
MMP19,5266,1569
NR4A1,5270,1570
HOXC11,5275,1571
NFE2,5277,1572
IKZF4,5279,1573
SMUG1,5280,1574
EEF1AKMT3,5282,1575
SARDH,5284,1576
IL13RA2,5289,1577
AMD1,5291,1578
FAM199X,5300,1579
NMI,5307,1580
SLC36A1,5311,1581
PLA2G12A,5318,1582
C4BPB,5323,1583
RAB38,5324,1584
MXD4,5327,1585
ACSL3,5330,1586
CHPF,5331,1587
INHA,5333,1588
SLC12A4,5337,1589
ENKD1,5338,1590
FAM210B,5342,1591
WFDC3,5347,1592
PIGT,5355,1593
NCOA5,5358,1594
CHD6,5362,1595
PLCG1,5363,1596
TOX2,5364,1597
ARFGEF2,5368,1598
ZNFX1,5369,1599
MOCS3,5378,1600
RNF114,5381,1601
DDX27,5382,1602
RBPJL,5383,1603
FASTKD3,5394,1604
VAMP7,5398,1605
IL9R,5399,1606
STAMBP,5401,1607
SNRNP27,5405,1608
LYPD3,5415,1609
PSG8,5416,1610
RRP36,5429,1611
ABCC10,5436,1612
OARD1,5440,1613
UNC5CL,5441,1614
AARS2,5442,1615
ZNF391,5444,1616
H2BC11,5447,1617
MED20,5448,1618
TBCC,5450,1619
MAD2L1BP,5453,1620
APOBEC2,5454,1621
KLHDC3,5455,1622
DNAH8,5457,1623
MEA1,5459,1624
COL21A1,5461,1625
GLO1,5464,1626
SSR1,5468,1627
RIOK1,5469,1628
NUP153,5474,1629
EEF1E1,5476,1630
CRISP1,5477,1631
RUNX2,5478,1632
AHNAK,5489,1633
SSUH2,5491,1634
BBS2,5495,1635
MT2A,5497,1636
GOT2,5499,1637
DOK4,5500,1638
TM9SF2,5510,1639
IRF1,5513,1640
RNF113A,5515,1641
NDUFA1,5518,1642
DMAC2L,5520,1643
BMP4,5521,1644
FAM193A,5523,1645
GRK4,5524,1646
SOX9,5525,1647
MRPS7,5530,1648
MIF4GD,5535,1649
NT5C,5536,1650
TTF1,5538,1651
GTF3C4,5539,1652
DDX31,5540,1653
PPP1R12C,5542,1654
OPRL1,5545,1655
SLC2A4RG,5546,1656
NPBWR2,5547,1657
FNDC11,5548,1658
IL37,5553,1659
CHCHD5,5554,1660
INSIG2,5556,1661
POLR1B,5557,1662
PSD4,5559,1663
GTF2F1,5562,1664
GRIA3,5566,1665
GPR108,5575,1666
FOSB,5577,1667
SNRPD2,5579,1668
VASP,5582,1669
CENPB,5596,1670
PSMF1,5597,1671
DTD1,5599,1672
CST11,5603,1673
STK35,5604,1674
RRBP1,5608,1675
OVOL2,5612,1676
DSTN,5617,1677
TMEM74B,5627,1678
MRPS26,5630,1679
HNRNPR,5634,1680
ZNF436,5635,1681
EIF2S2,5645,1682
ERGIC3,5646,1683
PLAGL2,5651,1684
KDM5C,5654,1685
UROD,5659,1686
TMEM53,5661,1687
RBM42,5676,1688
THRA,5684,1689
FRMD8,5687,1690
PRDX5,5688,1691
SCAF1,5694,1692
FLRT1,5697,1693
SBDS,5699,1694
STAT5A,5702,1695
WNK4,5703,1696
BECN1,5704,1697
NSRP1,5708,1698
DNAJC8,5709,1699
ZNF384,5713,1700
SSX1,5715,1701
ELK1,5718,1702
TIMM17B,5719,1703
ZBTB1,5728,1704
TRMT5,5729,1705
SGPP1,5730,1706
RHOT1,5734,1707
OMG,5736,1708
TIMM8A,5749,1709
INTS11,5752,1710
IPPK,5754,1711
ZNF484,5755,1712
PPCS,5759,1713
COX7C,5762,1714
RAP1B,5769,1715
TSPAN8,5771,1716
YEATS4,5776,1717
TAS2R5,5779,1718
FBXL12,5788,1719
EMC1,5789,1720
SIN3B,5794,1721
EPS15L1,5796,1722
KLF2,5797,1723
OR7C1,5798,1724
WDR24,5805,1725
FBXL16,5806,1726
GNG13,5808,1727
MACF1,5809,1728
SMARCA4,5810,1729
METTL25,5813,1730
EMC6,5815,1731
TUBA4A,5817,1732
AAMP,5819,1733
RNF6,5822,1734
ZNF780B,5841,1735
LRFN1,5842,1736
SRD5A3,5844,1737
KDR,5848,1738
DGCR8,5853,1739
SDF2L1,5856,1740
ADORA2A,5863,1741
APOL3,5868,1742
APOL2,5877,1743
LIF,5879,1744
C22orf23,5880,1745
KRT17,5884,1746
EMC4,5885,1747
POT1,5890,1748
ATP6V1F,5891,1749
STRIP2,5898,1750
IRF5,5907,1751
NDUFA5,5910,1752
MRPS12,5913,1753
MYO1B,5914,1754
MTX2,5917,1755
CHN1,5919,1756
HAT1,5923,1757
HOXD13,5927,1758
SNRPN,5929,1759
PSMG2,5930,1760
TMOD2,5937,1761
TTBK2,5938,1762
ELL3,5939,1763
CCDC32,5940,1764
ICE2,5942,1765
IVD,5946,1766
ARPP19,5951,1767
THAP10,5955,1768
ACKR4,5957,1769
ANAPC13,5958,1770
PALLD,5963,1771
USP6,5976,1772
SHBG,5977,1773
TXNDC17,5981,1774
ATP1B2,5982,1775
MPDU1,5985,1776
ILF3,5991,1777
NGDN,6000,1778
ADCY4,6002,1779
RAB2B,6003,1780
PARP2,6007,1781
SNX6,6010,1782
EAPP,6011,1783
ITFG1,6022,1784
ARHGEF6,6028,1785
CHRNA10,6034,1786
SGO1,6036,1787
PGAP6,6041,1788
DOHH,6042,1789
ABHD17A,6046,1790
SYT5,6048,1791
GAMT,6051,1792
NXNL2,6059,1793
ECSIT,6068,1794
LDLR,6069,1795
PRKCSH,6073,1796
CDC16,6075,1797
NECTIN2,6078,1798
XPO7,6085,1799
RPL36,6089,1800
ATP8B3,6090,1801
COLGALT1,6100,1802
MRPL34,6102,1803
PGLS,6103,1804
LSM7,6104,1805
QRSL1,6108,1806
MTRES1,6109,1807
RSPH3,6110,1808
MLLT1,6113,1809
AFDN,6115,1810
NDUFA10,6118,1811
CACNG6,6121,1812
ZSWIM6,6122,1813
KLHDC7B,6126,1814
PGPEP1,6130,1815
LSM4,6132,1816
JUND,6133,1817
ZNF557,6138,1818
CAMSAP1,6141,1819
ATXN10,6151,1820
TUBGCP2,6152,1821
PAK4,6157,1822
ZNF337,6159,1823
TAF4,6161,1824
OSBPL2,6165,1825
ASS1,6167,1826
EXOSC2,6169,1827
UCK1,6171,1828
METTL26,6176,1829
YIPF2,6177,1830
ZC3H4,6181,1831
NPAS1,6182,1832
LRRC47,6186,1833
SESN2,6187,1834
SMPDL3B,6188,1835
MED18,6190,1836
CCDC62,6193,1837
ZNF317,6195,1838
SHFL,6199,1839
ZNF426,6201,1840
SLC6A8,6202,1841
MPP1,6207,1842
ZNF236,6209,1843
MTRFR,6212,1844
NOL11,6213,1845
CASZ1,6215,1846
PKDREJ,6216,1847
SLC35D2,6221,1848
UBA1,6223,1849
POLN,6225,1850
ULBP2,6227,1851
AKAP12,6228,1852
SYNE1,6229,1853
RBM39,6237,1854
ATP6V1E1,6248,1855
COX4I1,6254,1856
CHMP1A,6258,1857
COX7B,6260,1858
NFATC1,6264,1859
CAP1,6267,1860
RAB11FIP4,6269,1861
HAUS8,6273,1862
CAPN7,6279,1863
RBSN,6282,1864
NAPSA,6286,1865
NR1H2,6287,1866
KIF3A,6290,1867
MGAT1,6291,1868
PSME3,6294,1869
AOC3,6297,1870
NDUFA2,6303,1871
ANKHD1,6304,1872
EXOC4,6308,1873
KREMEN2,6314,1874
NPHP4,6320,1875
CKMT2,6325,1876
ZCCHC9,6326,1877
KHDRBS3,6334,1878
PEX11B,6336,1879
MCCC2,6343,1880
ZNF304,6344,1881
ZNF132,6346,1882
CHSY1,6349,1883
RHPN2,6355,1884
PODNL1,6363,1885
DNAJB1,6364,1886
ZSWIM4,6365,1887
FBXW9,6366,1888
BRME1,6369,1889
DCAF15,6370,1890
LRRC41,6376,1891
CCT6B,6377,1892
DHX30,6378,1893
NUP210,6382,1894
TRIM22,6391,1895
RRP8,6392,1896
EFR3A,6394,1897
PTCD3,6396,1898
IMMT,6397,1899
MRPL35,6398,1900
PER2,6401,1901
PTPRE,6404,1902
PRKAA1,6406,1903
INPP5K,6410,1904
EEFSEC,6415,1905
COQ3,6418,1906
JCHAIN,6428,1907
UTP3,6430,1908
H3-3B,6433,1909
UNK,6434,1910
ZRANB2,6436,1911
REEP2,6449,1912
NIP7,6455,1913
TERF2,6456,1914
VPS4A,6457,1915
MTSS2,6458,1916
RIN2,6467,1917
DAP3,6470,1918
BCAN,6475,1919
SYT11,6483,1920
IGHMBP2,6484,1921
ACY3,6485,1922
TESMIN,6487,1923
MMACHC,6488,1924
DPH2,6489,1925
ZSWIM3,6495,1926
RBM38,6496,1927
FBXO44,6510,1928
CPLANE2,6511,1929
MTUS2,6517,1930
ZMYM5,6518,1931
USPL1,6519,1932
XPO4,6520,1933
POMP,6522,1934
CDK8,6523,1935
SCO1,6532,1936
MPRIP,6533,1937
COG6,6544,1938
EPSTI1,6547,1939
RFXAP,6550,1940
SLC39A11,6566,1941
EPHB2,6567,1942
BTBD2,6569,1943
KMT5C,6571,1944
HSPBP1,6574,1945
RTN3,6581,1946
MYH11,6584,1947
MED10,6586,1948
MORC2,6588,1949
SLC2A11,6592,1950
FAM83F,6594,1951
ADCK2,6598,1952
MKRN1,6599,1953
ACTR3B,6602,1954
BTG1,6604,1955
ATP13A3,6607,1956
SFTPD,6608,1957
TMEM254,6610,1958
LARS1,6614,1959
LRRCC1,6617,1960
CCDC59,6620,1961
BMAL1,6622,1962
ZFC3H1,6629,1963
TEX15,6630,1964
SARAF,6631,1965
RNF122,6632,1966
DPF2,6634,1967
ERG28,6636,1968
DGLUCY,6638,1969
UNC79,6639,1970
NUMB,6640,1971
TTC9,6644,1972
ELP3,6649,1973
IER3IP1,6655,1974
CAMK1,6661,1975
VHL,6663,1976
ARL8B,6665,1977
DPH6,6670,1978
KATNBL1,6671,1979
GNAT2,6674,1980
TSHB,6679,1981
GSTM5,6680,1982
GSTM3,6681,1983
ADAM30,6692,1984
NOTCH2,6693,1985
CEPT1,6695,1986
CD101,6696,1987
VTCN1,6697,1988
NGF,6698,1989
PPHLN1,6702,1990
YWHAQ,6707,1991
KIDINS220,6708,1992
RSAD2,6711,1993
MYCN,6712,1994
LPIN1,6713,1995
CMPK2,6714,1996
SAA2,6717,1997
ANO3,6718,1998
NAV1,6722,1999
TIMM17A,6724,2000
RBM17,6734,2001
CCNH,6739,2002
HRH4,6740,2003
CABLES1,6743,2004
MYBPC3,6754,2005
RTL8C,6758,2006
RAB33A,6759,2007
SPOCD1,6766,2008
PHC2,6768,2009
BTF3L4,6774,2010
PRPF38A,6776,2011
DSC2,6777,2012
FHOD3,6785,2013
FADS2,6793,2014
GGACT,6800,2015
UBAC2,6804,2016
ARGLU1,6805,2017
POGLUT2,6809,2018
APC,6819,2019
RFK,6823,2020
UBQLN1,6824,2021
NAA35,6825,2022
PSAT1,6833,2023
ISCA1,6834,2024
TAOK3,6838,2025
FBXO21,6843,2026
TBX3,6844,2027
RNFT2,6847,2028
BICDL1,6849,2029
TMEM243,6854,2030
CCDC146,6855,2031
HILPDA,6861,2032
KCP,6865,2033
NT5E,6876,2034
AKIRIN2,6879,2035
ORC3,6880,2036
MAP3K7,6882,2037
PRR5L,6885,2038
LMO2,6886,2039
PHF21A,6887,2040
CAPRIN1,6892,2041
ATP5MC2,6893,2042
GLS2,6900,2043
ITGA7,6901,2044
BLOC1S1,6906,2045
TSPAN31,6911,2046
PAN2,6916,2047
ZC3H10,6919,2048
ACVR1B,6921,2049
MAP7,6926,2050
MICAL1,6935,2051
PRADC1,6939,2052
CCT7,6941,2053
RAB11FIP5,6943,2054
CCDC142,6946,2055
KIAA0513,6957,2056
DYNC1LI2,6958,2057
CCDC102A,6961,2058
PCNX2,6964,2059
EGLN1,6967,2060
COG2,6969,2061
ABCB10,6970,2062
NTPCR,6971,2063
TAF5L,6972,2064
STX6,6974,2065
DHX9,6977,2066
KIAA1614,6978,2067
LAMC1,6983,2068
MRPL44,6987,2069
HTR2B,6993,2070
CAB39,7003,2071
COX5B,7004,2072
TMEM127,7008,2073
GCC2,7011,2074
MRPS9,7012,2075
C2orf49,7014,2076
ANKRD36,7015,2077
ISCU,7018,2078
STAB2,7020,2079
USP44,7021,2080
CKAP4,7023,2081
DRAM1,7027,2082
PCDH8,7033,2083
VPS36,7034,2084
CKAP2,7036,2085
LRCH1,7041,2086
LMO7,7047,2087
SETDB2,7055,2088
TNS3,7058,2089
CHST12,7060,2090
GPNMB,7062,2091
KDELR2,7065,2092
TTC5,7082,2093
ABHD17C,7088,2094
IREB2,7089,2095
VEZF1,7098,2096
GH2,7103,2097
LIMD2,7105,2098
BRIP1,7106,2099
KAT7,7107,2100
RTP4,7108,2101
NDUFB5,7110,2102
TRA2B,7112,2103
SKIL,7122,2104
EPRS1,7123,2105
HLX,7124,2106
VPS45,7125,2107
RPS6KC1,7128,2108
IL36G,7130,2109
IL36B,7134,2110
SMPD4,7137,2111
WDR33,7138,2112
VMA22,7139,2113
SAP130,7140,2114
HS6ST1,7143,2115
ABI1,7148,2116
YME1L1,7149,2117
NIPSNAP3A,7151,2118
ECPAS,7156,2119
C9orf78,7158,2120
TOR1A,7161,2121
TMOD1,7167,2122
STXBP1,7169,2123
SLC2A8,7170,2124
SLC31A1,7175,2125
FPGS,7181,2126
TEX10,7186,2127
MRPL50,7188,2128
PSMB7,7194,2129
TRMO,7196,2130
PDCL,7203,2131
RPL35,7204,2132
DSCC1,7209,2133
POLR1E,7216,2134
UBAP2,7219,2135
TLN1,7222,2136
SPAG8,7228,2137
GRHPR,7232,2138
ALDH1B1,7233,2139
CNPY3,7239,2140
FOXP4,7240,2141
ZSCAN9,7244,2142
PIM1,7245,2143
YIPF3,7250,2144
IRF4,7259,2145
UQCC2,7268,2146
HMGA1,7269,2147
TCF19,7270,2148
FLOT1,7271,2149
TPMT,7276,2150
RNF144B,7278,2151
VARS2,7281,2152
MYO7A,7292,2153
FCHSD2,7293,2154
ARRB1,7294,2155
THAP12,7296,2156
ANKRD42,7297,2157
IL18BP,7298,2158
NUMA1,7299,2159
CCDC90B,7300,2160
MRPL15,7308,2161
SDCBP,7315,2162
NEK1,7316,2163
BUD13,7321,2164
CFAP300,7326,2165
TRIM29,7329,2166
SLC37A4,7330,2167
FDX1,7335,2168
MMP13,7340,2169
MAP2K5,7345,2170
CTDSPL2,7348,2171
SLTM,7349,2172
NDUFAF1,7353,2173
KNL1,7356,2174
HAUS2,7357,2175
RTF1,7358,2176
TMEM62,7369,2177
ADAM10,7371,2178
DUOX1,7372,2179
SPTBN5,7380,2180
KYAT3,7385,2181
IFI44L,7389,2182
RTCA,7397,2183
HADHB,7401,2184
KHK,7402,2185
PNPT1,7405,2186
RAB1A,7411,2187
ACTR2,7412,2188
SLC5A6,7414,2189
SLC3A1,7417,2190
LOXL4,7431,2191
ATAD1,7435,2192
PLCE1,7447,2193
DBR1,7449,2194
DNAJC13,7450,2195
ANXA7,7452,2196
PLA2G12B,7455,2197
TET1,7460,2198
AOX1,7463,2199
ATIC,7464,2200
SMARCAL1,7465,2201
BARD1,7466,2202
STAT4,7467,2203
METTL5,7471,2204
SSB,7472,2205
PPIG,7475,2206
IDH1,7479,2207
OLA1,7480,2208
SLC35A5,7489,2209
SLC49A4,7490,2210
SENP7,7491,2211
PARP9,7495,2212
TMOD3,7499,2213
GLCE,7501,2214
SHF,7502,2215
PPCDC,7507,2216
ARHGAP24,7511,2217
HERC3,7513,2218
COPS4,7520,2219
RASGEF1B,7523,2220
GPAT3,7526,2221
BBS7,7529,2222
BLTP1,7530,2223
G3BP2,7542,2224
FRAS1,7544,2225
SCARB2,7545,2226
CDKL2,7549,2227
PPA2,7552,2228
INTS12,7555,2229
LEF1,7558,2230
HADH,7559,2231
MAPK8IP3,7568,2232
RGS3,7569,2233
TTLL8,7571,2234
RNF185,7572,2235
KIF21A,7580,2236
FGD4,7583,2237
SINHCAF,7586,2238
ZCRB1,7592,2239
PEX5,7603,2240
LRIG3,7612,2241
TPH2,7616,2242
PHLDA1,7617,2243
POC1B,7622,2244
TMTC3,7623,2245
SNRPF,7626,2246
AMDHD1,7627,2247
RITA1,7635,2248
TCHP,7640,2249
NUP58,7643,2250
SUOX,7649,2251
TARBP2,7652,2252
NPFF,7657,2253
SMARCC2,7661,2254
BRCA2,7662,2255
KANSL2,7663,2256
CERS5,7664,2257
ITGB7,7666,2258
CSAD,7668,2259
MYG1,7670,2260
SBNO1,7682,2261
VPS33A,7685,2262
VPS37B,7686,2263
RHOF,7687,2264
DENR,7688,2265
DIAPH3,7689,2266
TTC6,7701,2267
CBLN3,7705,2268
TSSK4,7706,2269
NAA30,7717,2270
ADAM21,7718,2271
WDR89,7722,2272
KCNH5,7724,2273
JDP2,7729,2274
CLBA1,7735,2275
NIPA2,7739,2276
SLC12A6,7740,2277
DUOXA1,7741,2278
SORD,7744,2279
DUOX2,7748,2280
CDAN1,7759,2281
TLE3,7760,2282
COMMD4,7762,2283
HMG20A,7767,2284
NCOA2,7771,2285
MAN2C1,7773,2286
IGF1R,7777,2287
ARRDC4,7778,2288
PIF1,7779,2289
CYP11A1,7781,2290
BBS4,7782,2291
SCAMP2,7792,2292
POLG,7797,2293
ABHD2,7800,2294
DET1,7804,2295
MFGE8,7805,2296
ZNF710,7806,2297
UNC45A,7807,2298
FURIN,7810,2299
SEC11A,7815,2300
PMM2,7818,2301
TGFB1I1,7821,2302
ARMC5,7823,2303
PARN,7824,2304
FTO,7825,2305
UQCRC2,7826,2306
DHX38,7833,2307
TXNL4B,7834,2308
CHST4,7836,2309
CPNE2,7839,2310
NLRC5,7840,2311
KATNB1,7841,2312
GCSH,7845,2313
MAP1LC3B,7850,2314
MBTPS1,7851,2315
ZCCHC14,7853,2316
MEAK7,7854,2317
RHOT2,7858,2318
RPS2,7861,2319
NDUFB10,7862,2320
PDPK1,7863,2321
TCF25,7866,2322
COPS3,7871,2323
GID4,7872,2324
UTP4,7876,2325
DPEP3,7879,2326
NOB1,7881,2327
PRPSAP2,7882,2328
NPEPPS,7893,2329
SKAP1,7894,2330
SCRN2,7896,2331
SS18,7907,2332
RMP24,7915,2333
GALNT1,7916,2334
ESCO1,7922,2335
ARRB2,7930,2336
ZMYND15,7932,2337
TP53,7938,2338
CCDC40,7939,2339
TMC6,7941,2340
EIF4A3,7946,2341
TBCD,7949,2342
FOXK2,7953,2343
CBX8,7955,2344
CEP131,7958,2345
MBD1,7966,2346
SMAD4,7967,2347
PMAIP1,7972,2348
P3H4,7973,2349
GRB7,7977,2350
MIEN1,7978,2351
PNMT,7979,2352
ARL5C,7980,2353
MISP3,7986,2354
TPGS1,7991,2355
PLPP2,7992,2356
PRDM15,7994,2357
PFKL,7995,2358
COL6A1,8011,2359
SCYL1,8018,2360
AKT1,8023,2361
TIMM29,8040,2362
FBN3,8041,2363
CARM1,8042,2364
EVI5L,8043,2365
SIGLEC10,8048,2366
RPL13A,8055,2367
CTU1,8056,2368
NOSIP,8057,2369
RERE,8062,2370
EPHA2,8070,2371
ARHGEF19,8071,2372
EFHD2,8072,2373
PEX14,8073,2374
PGD,8074,2375
MYOM3,8075,2376
SH3BGRL3,8076,2377
ZNF593,8080,2378
C1orf216,8081,2379
DMRTA2,8085,2380
WDTC1,8091,2381
NBPF3,8093,2382
HSPG2,8094,2383
ITGB3BP,8095,2384
SERBP1,8096,2385
BCL10,8097,2386
RPS8,8103,2387
KIF2C,8104,2388
LMO4,8110,2389
SLC44A3,8114,2390
IGSF3,8115,2391
ZNF697,8116,2392
STRIP1,8118,2393
KCNA10,8119,2394
CD53,8123,2395
CELSR2,8125,2396
ATP1B1,8129,2397
POGK,8132,2398
PPOX,8152,2399
FCGR2A,8153,2400
NUF2,8154,2401
RGS5,8155,2402
SDHC,8156,2403
NR1I3,8158,2404
MRPL24,8164,2405
PIGM,8165,2406
ISG20L2,8167,2407
HMCN1,8175,2408
ZNF687,8184,2409
TARS2,8185,2410
CGN,8186,2411
SETDB1,8188,2412
ADAMTSL4,8189,2413
RFX5,8192,2414
PI4KB,8193,2415
PIP5K1A,8194,2416
ANP32E,8195,2417
ANXA9,8197,2418
SELENBP1,8198,2419
CERS2,8199,2420
ENSA,8200,2421
MRPL9,8202,2422
POGZ,8204,2423
HORMAD1,8207,2424
GABPB2,8209,2425
EIF2D,8214,2426
TAF1A,8217,2427
DUSP10,8220,2428
SNAPIN,8232,2429
HAX1,8237,2430
CREB3L4,8238,2431
AQP10,8240,2432
GATAD2B,8243,2433
HCN3,8248,2434
MAP3K21,8256,2435
NVL,8261,2436
ARF1,8265,2437
CNIH4,8267,2438
ITPKB,8268,2439
CNIH3,8271,2440
C1orf35,8272,2441
PARP1,8274,2442
PPFIA4,8283,2443
PTPN7,8285,2444
RHOB,8291,2445
CAMKMT,8295,2446
WDPCP,8301,2447
ETAA1,8305,2448
SNRNP200,8313,2449
MRPS5,8314,2450
TPRKB,8316,2451
NAT8,8317,2452
SFXN5,8319,2453
TMEM177,8329,2454
FAHD2B,8337,2455
CDCA7,8355,2456
PHOSPHO2,8358,2457
CCDC150,8362,2458
SPAG16,8369,2459
RAB5A,8385,2460
CNOT9,8388,2461
STK11IP,8390,2462
EAF1,8393,2463
POMGNT2,8399,2464
SLC25A38,8403,2465
SLC22A14,8405,2466
GOLGA4,8406,2467
IQSEC1,8409,2468
RPL32,8411,2469
SHQ1,8414,2470
SLC25A26,8415,2471
NFKBIZ,8423,2472
PHLDB2,8428,2473
ABHD10,8429,2474
TAGLN3,8430,2475
BOC,8437,2476
EIF2A,8442,2477
OSBPL11,8444,2478
TMEM44,8450,2479
NICN1,8454,2480
FIP1L1,8469,2481
LYAR,8471,2482
CENPC,8472,2483
PLAC8,8480,2484
TRMT10A,8484,2485
KLHL8,8485,2486
PYURF,8487,2487
TIFA,8493,2488
AFG2A,8494,2489
CCNA2,8496,2490
METTL14,8497,2491
RPS3A,8503,2492
MYO10,8516,2493
SKP2,8519,2494
ANKRD31,8530,2495
IQGAP2,8531,2496
RASA1,8533,2497
PPIP5K2,8536,2498
BDP1,8538,2499
BTF3,8541,2500
FEM1C,8546,2501
YIPF5,8551,2502
RNF145,8557,2503
G3BP1,8566,2504
ZNF300,8567,2505
MYLK4,8576,2506
TBC1D7,8578,2507
GFOD1,8580,2508
FAM193B,8592,2509
PLA2G7,8593,2510
TNFRSF21,8594,2511
MMUT,8596,2512
ABT1,8599,2513
PPP1R18,8600,2514
NFKBIE,8613,2515
PNRC1,8622,2516
RARS2,8624,2517
TAAR2,8631,2518
SLC18B1,8636,2519
SLC2A12,8638,2520
AIG1,8640,2521
TIAM2,8642,2522
TMEM181,8643,2523
WTAP,8645,2524
GNA12,8651,2525
CHLSN,8652,2526
CCZ1B,8654,2527
INTS15,8655,2528
IGFBP3,8660,2529
PURB,8661,2530
SSC4D,8663,2531
MDH2,8664,2532
GIGYF1,8676,2533
TMEM209,8680,2534
TLK2,8685,2535
NOM1,8687,2536
LUC7L2,8694,2537
CASK,8701,2538
SPIN2A,8703,2539
MSN,8704,2540
CCNB3,8706,2541
HDAC8,8707,2542
TAF1,8718,2543
NONO,8720,2544
EBP,8723,2545
ITGB1BP2,8727,2546
GCNA,8729,2547
MFHAS1,8746,2548
FBXO25,8747,2549
MAGEA4,8749,2550
NSDHL,8750,2551
ZNF185,8751,2552
RPL10,8753,2553
CSGALNACT1,8754,2554
ATP6V1B2,8755,2555
CCDC25,8756,2556
SLC25A37,8763,2557
GOLGA7,8774,2558
MRPS28,8782,2559
LRP12,8794,2560
NDUFB9,8801,2561
TATDN1,8802,2562
FAM83A,8803,2563
NAPRT,8809,2564
AK3,8811,2565
CDKN2A,8819,2566
C9orf72,8820,2567
FBXO10,8823,2568
SIGMAR1,8824,2569
ZNG1E,8825,2570
IDNK,8828,2571
AUH,8830,2572
ZNF462,8834,2573
UGCG,8836,2574
STOM,8839,2575
GSN,8840,2576
CRB2,8843,2577
POLE3,8848,2578
SURF2,8852,2579
GTF3C5,8857,2580
ASB6,8858,2581
CIZ1,8861,2582
SLC25A25,8862,2583
PTGES,8865,2584
LCN2,8866,2585
INPP5E,8872,2586
SEC16A,8873,2587
DPH7,8874,2588
NOTCH1,8875,2589
COMMD3,8880,2590
MSRB2,8881,2591
RSU1,8887,2592
ZEB1,8891,2593
NRBF2,8893,2594
CAMK2G,8900,2595
GLUD1,8902,2596
ANKRD1,8903,2597
HTR7,8904,2598
ADD3,8907,2599
DNAJB12,8910,2600
EIF4EBP2,8911,2601
TCF7L2,8914,2602
FUOM,8918,2603
LRRC27,8919,2604
MTG1,8920,2605
GSTO1,8923,2606
TAF5,8924,2607
PPRC1,8925,2608
ITPRIP,8926,2609
CNNM2,8927,2610
PDCD11,8928,2611
RGS10,8930,2612
BTBD10,8931,2613
TUT1,8940,2614
HSD17B12,8945,2615
ARFGAP2,8957,2616
CELF1,8958,2617
HIKESHI,8959,2618
RPS3,8970,2619
ZC3H12C,8971,2620
TTC12,8972,2621
NCAM1,8973,2622
NPAT,8977,2623
AASDHPPT,8979,2624
GLB1L2,8980,2625
LAMTOR1,8982,2626
P4HA3,8983,2627
GGTLC1,8987,2628
KAT14,8990,2629
TKFC,8991,2630
MTA2,8992,2631
TMEM138,8993,2632
ROM1,8996,2633
EML3,8997,2634
CPSF7,9002,2635
B3GAT3,9004,2636
ESAM,9009,2637
SIDT2,9013,2638
TMEM25,9014,2639
COMMD7,9018,2640
CNBD2,9025,2641
TRPT1,9033,2642
NUDT22,9034,2643
MRPL49,9037,2644
TM7SF2,9040,2645
VPS51,9041,2646
PPP4C,9043,2647
TLCD3B,9045,2648
HIRIP3,9047,2649
PCDH15,9060,2650
DCUN1D2,9067,2651
TMCO3,9068,2652
TIRAP,9070,2653
EEF1AKMT1,9071,2654
KIAA1328,9075,2655
LYPD1,9079,2656
LYPD6B,9080,2657
GPM6A,9083,2658
VEGFC,9086,2659
DLG2,9091,2660
ATPSCKMT,9099,2661
PIH1D2,9103,2662
NKAPD1,9104,2663
IL18,9106,2664
FOXO1,9112,2665
CRIM1,9113,2666
RILPL2,9116,2667
DHX37,9117,2668
PRSS53,9121,2669
NOCT,9123,2670
NGLY1,9132,2671
NOPCHAP1,9136,2672
ABTB3,9138,2673
RAD9B,9142,2674
PLBD2,9143,2675
DLG5,9144,2676
TWF1,9148,2677
MBIP,9158,2678
EXT2,9160,2679
NDUFC2,9165,2680
ME3,9166,2681
NUBPL,9169,2682
NEK7,9170,2683
VIPAS39,9173,2684
C4orf33,9179,2685
FRMD4A,9180,2686
SLC25A31,9181,2687
ACAD8,9184,2688
VTI1A,9188,2689
TEX9,9192,2690
ZNF827,9196,2691
ANKAR,9207,2692
MFSD6,9209,2693
ASAP2,9211,2694
ADAM17,9212,2695
TMEM45B,9215,2696
ACSL1,9218,2697
BICD1,9221,2698
CCDC122,9223,2699
NBAS,9225,2700
CPAP,9234,2701
TMEM267,9236,2702
TIAL1,9243,2703
BAG3,9244,2704
RABGAP1L,9252,2705
CCDC74B,9253,2706
PTPN14,9260,2707
GEMIN6,9265,2708
PSTPIP2,9276,2709
SPOCK1,9292,2710
FAM151B,9293,2711
TADA1,9294,2712
JMY,9297,2713
ZNF773,9302,2714
DCLRE1C,9306,2715
ZNF837,9311,2716
ZFP36L2,9316,2717
SPARCL1,9324,2718
NADK2,9330,2719
CCNO,9333,2720
PELO,9337,2721
SAR1B,9339,2722
CATSPER3,9340,2723
DNAI4,9343,2724
ANKRD22,9344,2725
SLC16A12,9347,2726
UTRN,9353,2727
GRM1,9354,2728
ZNF117,9358,2729
LMNTD1,9360,2730
ADGRA3,9369,2731
SREK1IP1,9371,2732
CARHSP1,9378,2733
TXNDC11,9381,2734
ACOXL,9384,2735
ANAPC1,9386,2736
SMARCA5,9391,2737
RANBP2,9397,2738
MERTK,9399,2739
PTPRR,9401,2740
PLA2R1,9404,2741
TRAPPC8,9414,2742
INO80C,9416,2743
NMRAL1,9419,2744
UBALD1,9420,2745
LYSET,9422,2746
TEX29,9424,2747
CMTM7,9426,2748
RMND5A,9429,2749
RPIA,9431,2750
JAZF1,9443,2751
FBXO36,9449,2752
KCTD15,9451,2753
DDAH1,9455,2754
SREK1,9456,2755
CHD1,9457,2756
HS2ST1,9460,2757
GDPD1,9465,2758
AK5,9471,2759
C16orf74,9479,2760
OTULIN,9483,2761
TBRG1,9488,2762
CC2D1B,9497,2763
PRKCA,9499,2764
GAL3ST2,9502,2765
PGM5,9515,2766
OBSCN,9517,2767
CCSAP,9522,2768
GBP5,9525,2769
SORBS2,9537,2770
RABGEF1,9550,2771
ATP5PF,9553,2772
WNT7A,9559,2773
CCDC174,9561,2774
FGD5,9562,2775
FLCN,9563,2776
CXXC1,9567,2777
SKA1,9568,2778
PIEZO2,9571,2779
VOPP1,9581,2780
CYP2U1,9585,2781
AZIN1,9594,2782
PIP4P2,9596,2783
GTF3C6,9599,2784
TTC39B,9600,2785
ZFYVE27,9605,2786
GOLGA7B,9606,2787
HSPA13,9610,2788
USP25,9612,2789
RHOC,9617,2790
PPM1J,9618,2791
DBI,9619,2792
OXA1L,9624,2793
LARP1,9627,2794
MIER3,9632,2795
C9orf85,9635,2796
TTN,9639,2797
PDIA4,9641,2798
KDM8,9642,2799
KCTD18,9645,2800
PPARGC1B,9655,2801
LSM11,9658,2802
MED7,9659,2803
RRAGA,9661,2804
PXYLP1,9664,2805
VBP1,9671,2806
VPS37A,9677,2807
KIF5A,9678,2808
MCU,9683,2809
FAM161B,9687,2810
GPR61,9691,2811
KCNMA1,9694,2812
BATF,9695,2813
ADAMTS3,9697,2814
DPY19L4,9699,2815
NDUFAF6,9700,2816
DRAM2,9701,2817
WHAMM,9708,2818
BACH1,9716,2819
TIAM1,9720,2820
SCAF4,9721,2821
RPGR,9722,2822
PCGF6,9724,2823
ANKRD9,9725,2824
SFR1,9726,2825
MTERF3,9737,2826
PABIR3,9742,2827
EEF1A1,9745,2828
CD109,9751,2829
ZFAND3,9757,2830
UTP14A,9764,2831
ATAD2,9771,2832
ZNF689,9774,2833
FRRS1,9777,2834
MFSD14A,9779,2835
VPS8,9785,2836
EIF4A2,9792,2837
TATDN2,9796,2838
ZFYVE9,9803,2839
TMEM171,9810,2840
TIMP4,9813,2841
CPT2,9817,2842
PAXIP1,9821,2843
SSBP3,9823,2844
GATAD1,9828,2845
TMED6,9830,2846
DHRS4,9832,2847
DDX19B,9836,2848
DHRS1,9840,2849
HYDIN,9844,2850
MYO1E,9851,2851
VPS26C,9856,2852
DYRK1A,9857,2853
C2CD2,9868,2854
SLC38A10,9870,2855
BRAF,9879,2856
PRXL2B,9893,2857
TNFRSF14,9894,2858
PEX10,9899,2859
RER1,9900,2860
WIPI2,9903,2861
LDLRAP1,9904,2862
AGAP1,9905,2863
KRTCAP3,9906,2864
ANKRD61,9907,2865
MRPL17,9914,2866
GRHL3,9916,2867
RHPN1,9923,2868
TPRG1L,9924,2869
XKR8,9928,2870
EYA3,9930,2871
WASF2,9935,2872
ABHD3,9936,2873
ESYT3,9937,2874
CUL4B,9943,2875
GPRASP2,9946,2876
SHROOM4,9949,2877
H2BC5,9950,2878
MITD1,9953,2879
EIF5B,9954,2880
RIBC1,9955,2881
CNOT11,9958,2882
B4GALT5,9963,2883
GDPD5,9980,2884
TMED4,9984,2885
GPAT4,9989,2886
SLAMF8,9994,2887
SLC45A3,9995,2888
ITLN2,10000,2889
USF1,10002,2890
SPATA2L,10004,2891
DEDD,10006,2892
ZNF276,10007,2893
EDA,10009,2894
CDA,10012,2895
NDUFS2,10018,2896
FCER1G,10020,2897
CDC42SE2,10028,2898
ALG8,10032,2899
PAXBP1,10036,2900
GART,10040,2901
DONSON,10042,2902
SV2A,10043,2903
LAD1,10044,2904
STC1,10045,2905
CSRP1,10047,2906
PRAC1,10048,2907
ATP5MC1,10052,2908
UBE2Z,10054,2909
CCDC24,10058,2910
GIP,10061,2911
MORC3,10066,2912
CHAF1B,10067,2913
ARHGAP27,10073,2914
PTMS,10075,2915
ALDH4A1,10090,2916
THEM4,10092,2917
UBR1,10095,2918
ISL2,10102,2919
TMEM69,10107,2920
TPPP3,10118,2921
C16orf86,10124,2922
ZNF233,10138,2923
ZBTB8A,10151,2924
ATAD3B,10152,2925
UBE2J2,10154,2926
ZNF362,10155,2927
CPAMD8,10157,2928
NR2F6,10158,2929
MIX23,10160,2930
VMA21,10161,2931
KALRN,10162,2932
CILP2,10163,2933
TMPRSS3,10168,2934
SLC37A1,10171,2935
WDR4,10173,2936
U2AF1,10177,2937
G6PD,10182,2938
GATD3,10188,2939
CFAP410,10191,2940
LRRC3,10193,2941
ITGB2,10194,2942
SLX9,10195,2943
RALGDS,10196,2944
LSS,10199,2945
VAV2,10200,2946
PCNT,10203,2947
PRMT2,10206,2948
ZNF714,10215,2949
GPSM1,10216,2950
HIPK4,10218,2951
TOR2A,10220,2952
SPTBN4,10227,2953
TLCD1,10240,2954
SHC1,10249,2955
VPS11,10250,2956
IL6R,10253,2957
UBE2Q1,10254,2958
CRTC2,10256,2959
ANO10,10257,2960
ENTREP3,10260,2961
PMF1,10262,2962
LMNA,10264,2963
CCR5,10265,2964
CCDC12,10267,2965
UBQLN4,10269,2966
LRRC71,10273,2967
NACC1,10279,2968
IER2,10283,2969
ZNF394,10284,2970
CPSF4,10285,2971
FOXH1,10296,2972
MRNIP,10300,2973
LRWD1,10306,2974
AP2M1,10316,2975
PCYT1A,10318,2976
DMKN,10320,2977
NPHS1,10323,2978
FDXR,10332,2979
ACOX1,10334,2980
SRSF2,10337,2981
SIGLEC11,10345,2982
ZNF385A,10346,2983
SIGLEC16,10347,2984
DBF4B,10358,2985
FMNL3,10360,2986
SPC24,10369,2987
TNFSF13,10380,2988
SENP3,10381,2989
CCDC78,10391,2990
TEDC2,10396,2991
BICDL2,10401,2992
PAQR4,10402,2993
FLYWCH2,10403,2994
ZG16B,10404,2995
ZNF75A,10405,2996
ADCY9,10406,2997
SAXO4,10411,2998
GNG3,10413,2999
UBXN1,10414,3000
TTC9C,10416,3001
SYVN1,10423,3002
LRP5,10426,3003
TPCN2,10427,3004
PDZK1IP1,10430,3005
TAL1,10431,3006
CMPK1,10432,3007
COA7,10435,3008
ZYG11B,10436,3009
CZIB,10438,3010
PARS2,10442,3011
CIMAP2,10443,3012
BSND,10444,3013
PLPP3,10446,3014
GMEB1,10451,3015
SELENON,10453,3016
AK4,10454,3017
LZIC,10458,3018
FBLIM1,10461,3019
TMEM82,10462,3020
MATN1,10469,3021
PEF1,10472,3022
TSSK3,10476,3023
WNT4,10481,3024
FAAP20,10485,3025
MEGF6,10486,3026
C1orf87,10490,3027
NFIA,10491,3028
MYSM1,10493,3029
TM2D1,10494,3030
USP1,10495,3031
FUBP1,10496,3032
SNX7,10504,3033
EEIG2,10507,3034
GBP2,10512,3035
ATXN7L2,10513,3036
GBP4,10514,3037
SLC30A7,10523,3038
ZNF281,10524,3039
NLRP3,10527,3040
SLAMF9,10530,3041
KCNJ9,10531,3042
KLHDC9,10543,3043
RBM15,10550,3044
DENND2D,10551,3045
AXDND1,10552,3046
IER5,10554,3047
SNED1,10555,3048
BPNT1,10556,3049
SPATA17,10557,3050
ACP6,10561,3051
TFB2M,10564,3052
CNST,10565,3053
KLHDC8A,10567,3054
MRPL55,10580,3055
WDR26,10581,3056
TRIM17,10586,3057
DISC1,10588,3058
MEMO1,10591,3059
ARL5A,10597,3060
CLHC1,10601,3061
CFAP36,10604,3062
NUP35,10605,3063
CCDC138,10606,3064
FBXO41,10608,3065
SMC6,10611,3066
SLC16A14,10616,3067
TEKT4,10617,3068
SMARCAD1,10627,3069
PDLIM5,10629,3070
RPRD2,10632,3071
ANKRD23,10633,3072
TNFAIP8L2,10639,3073
VPS72,10643,3074
ERCC3,10644,3075
S100A9,10658,3076
FZD5,10663,3077
CFAP141,10666,3078
GNPDA2,10668,3079
ABRAXAS1,10680,3080
PBXIP1,10684,3081
PYGO2,10686,3082
EOGT,10696,3083
NAXE,10698,3084
SLC22A15,10700,3085
ATP1A1,10703,3086
EIF4E3,10705,3087
TMEM183A,10713,3088
KRTCAP2,10717,3089
ARPC2,10719,3090
SSR2,10723,3091
STK36,10725,3092
CWC22,10734,3093
TGFBR2,10736,3094
ANKZF1,10738,3095
HDAC11,10739,3096
FBLN2,10742,3097
GLB1L,10743,3098
STT3B,10744,3099
DPPA2,10746,3100
SERPINI1,10750,3101
RPL22L1,10763,3102
PPM1L,10765,3103
ICA1L,10766,3104
RYBP,10769,3105
GTPBP8,10772,3106
RMP64,10773,3107
WDFY3,10779,3108
TIPARP,10795,3109
CCNL1,10796,3110
SLMAP,10800,3111
ABHD6,10804,3112
RBM47,10807,3113
FANCD2OS,10813,3114
PCOLCE2,10814,3115
TTC14,10817,3116
CXCL3,10818,3117
CXCL1,10823,3118
SNRK,10833,3119
SLC4A1AP,10838,3120
PLB1,10839,3121
KIAA1143,10841,3122
WDR43,10844,3123
NMNAT3,10858,3124
SMIM12,10859,3125
YEATS2,10862,3126
MEAF6,10865,3127
CAMK2N2,10871,3128
RPN1,10874,3129
SENP2,10875,3130
BAP1,10881,3131
TKT,10882,3132
RFT1,10884,3133
SFMBT1,10885,3134
GNL3,10886,3135
PBRM1,10887,3136
SLBP,10891,3137
LRPAP1,10892,3138
SLC51A,10894,3139
CLDN19,10903,3140
SGMS2,10908,3141
METAP1,10909,3142
DNAJB14,10910,3143
H2AZ1,10911,3144
BDH2,10915,3145
ATRIP,10923,3146
SHISA5,10924,3147
HSPA4L,10930,3148
MST1R,10935,3149
WDR82,10943,3150
PRSS12,10946,3151
FBXO8,10958,3152
HPGD,10960,3153
TMEM144,10963,3154
NAA15,10967,3155
ICE1,10971,3156
HHIP,10972,3157
PRMT9,10978,3158
MOCS2,10980,3159
EDIL3,10982,3160
NIPBL,10989,3161
STARD4,10993,3162
PGGT1B,10994,3163
PRRC1,11000,3164
AGGF1,11002,3165
RHOBTB3,11012,3166
TIGD6,11014,3167
PRIMPOL,11020,3168
ERAP1,11021,3169
TENT2,11027,3170
UBLCP1,11030,3171
NSA2,11035,3172
SHROOM1,11045,3173
UQCRQ,11047,3174
LEAP2,11048,3175
CGAS,11052,3176
CITED2,11056,3177
SFXN1,11061,3178
IL22RA2,11064,3179
STXBP5,11067,3180
IL31RA,11068,3181
TRA2A,11076,3182
SLU7,11085,3183
RP9,11086,3184
PTTG1,11087,3185
CAMLG,11088,3186
KCNK5,11091,3187
ZNF12,11093,3188
STEAP1,11095,3189
CDCA7L,11096,3190
MIOS,11098,3191
ELAPOR2,11099,3192
SYTL3,11101,3193
BRI3,11113,3194
SLC35G3,11115,3195
PHKG1,11130,3196
SPIDR,11134,3197
TMEM184A,11148,3198
TMUB1,11156,3199
ALDH7A1,11160,3200
COX6C,11162,3201
CTHRC1,11167,3202
SLC25A32,11168,3203
DCAF13,11169,3204
INTS8,11172,3205
FREM1,11174,3206
PDP1,11176,3207
WASHC5,11178,3208
FAM219A,11180,3209
CCDC171,11187,3210
NIPSNAP3B,11191,3211
PRKACG,11196,3212
ALDH1A1,11206,3213
RASEF,11209,3214
KIF27,11211,3215
ANKS6,11218,3216
FBP1,11219,3217
MID1IP1,11226,3218
CXorf58,11228,3219
ASB11,11232,3220
PIGA,11234,3221
CLDN3,11239,3222
CARD19,11241,3223
ATP7A,11243,3224
NDUFB6,11247,3225
ARMC3,11258,3226
ARHGAP12,11260,3227
CFL2,11275,3228
GJB2,11286,3229
CRYL1,11287,3230
SKA3,11290,3231
MICU2,11291,3232
DDIAS,11292,3233
DEPP1,11299,3234
ZNF22,11301,3235
EML5,11303,3236
RPUSD4,11305,3237
ARF6,11306,3238
CDX2,11311,3239
AMER2,11312,3240
SSX5,11315,3241
ATP5F1C,11325,3242
TAF3,11327,3243
ZNF503,11334,3244
PRDX3,11339,3245
ENOX2,11340,3246
ENTR1,11346,3247
SPACA9,11349,3248
METTL17,11364,3249
NSMF,11369,3250
CASP7,11372,3251
BTNL9,11374,3252
CCDC186,11375,3253
FRAT1,11386,3254
UBTD1,11387,3255
E2F7,11389,3256
LARGE2,11393,3257
PACSIN3,11394,3258
TTC7B,11395,3259
AGBL2,11399,3260
CPSF2,11401,3261
SMCO2,11402,3262
MOAP1,11403,3263
CCDC38,11410,3264
CEP295,11418,3265
HTRA1,11424,3266
CEP57,11426,3267
TCP11L2,11427,3268
GPR176,11431,3269
JAM3,11432,3270
IKBIP,11441,3271
RPUSD2,11442,3272
SPINT1,11447,3273
FBN1,11448,3274
AVPR1A,11449,3275
BRD7,11453,3276
TRMT61A,11455,3277
DPCD,11459,3278
API5,11461,3279
SENP8,11465,3280
NOLC1,11466,3281
SPIC,11470,3282
SGPL1,11472,3283
CCT2,11474,3284
PCBD1,11475,3285
FAM227B,11482,3286
WBP1L,11487,3287
BORCS7,11488,3288
ANAPC16,11492,3289
SMPD1,11493,3290
SYNPO2L,11495,3291
ILK,11500,3292
MSS51,11505,3293
CYB5R2,11517,3294
TUB,11521,3295
TMEM130,11535,3296
ATMIN,11539,3297
C16orf46,11540,3298
ZNF143,11544,3299
TMX3,11545,3300
MAPK7,11548,3301
RIMKLB,11559,3302
BEAN1,11561,3303
TK2,11562,3304
RRAD,11573,3305
ATF7IP2,11581,3306
TMPRSS5,11585,3307
COG1,11586,3308
ZNF606,11588,3309
NNMT,11594,3310
AP1G1,11596,3311
BMERB1,11599,3312
CIAO2A,11605,3313
RBPMS2,11617,3314
NAV2,11618,3315
DCTN5,11622,3316
TERF2IP,11623,3317
CLPX,11625,3318
ZBTB39,11627,3319
NAB2,11633,3320
VPS39,11634,3321
ATP23,11637,3322
ELFN2,11638,3323
MRPL16,11640,3324
PIP4K2C,11641,3325
C15orf48,11644,3326
SCG5,11645,3327
NYAP1,11647,3328
DIS3L,11651,3329
MS4A8,11656,3330
MS4A15,11658,3331
MAP1A,11659,3332
AKTIP,11661,3333
EVA1C,11663,3334
MBD6,11665,3335
NKX3-1,11670,3336
DUSP18,11672,3337
B4GALNT2,11675,3338
PHB1,11678,3339
TRUB2,11687,3340
COQ4,11688,3341
CERCAM,11692,3342
DNAAF19,11694,3343
ENDOG,11695,3344
SP2,11699,3345
PRR15L,11700,3346
GPRC5B,11702,3347
CRK,11703,3348
C16orf92,11704,3349
FBXO22,11706,3350
KATNAL2,11711,3351
RNF214,11715,3352
DUS2,11718,3353
POP5,11719,3354
TBC1D16,11724,3355
TRIM68,11732,3356
IRGQ,11740,3357
SMG8,11749,3358
TPM4,11750,3359
RAB8A,11751,3360
GPX4,11752,3361
NIBAN3,11755,3362
MVD,11758,3363
TRAPPC2L,11760,3364
SPATA33,11762,3365
RSKR,11763,3366
PROCA1,11764,3367
KMT2D,11771,3368
CORO6,11772,3369
RHEBL1,11773,3370
TUBA1A,11774,3371
TUBA1C,11775,3372
ZNF701,11778,3373
RAB4B,11781,3374
AXL,11786,3375
LAIR1,11790,3376
LENG8,11792,3377
CDC42EP5,11793,3378
ZNF146,11800,3379
ZNF283,11801,3380
SPINT2,11803,3381
SEMA6B,11817,3382
ZNF444,11818,3383
NXN,11819,3384
GLOD4,11821,3385
RILP,11826,3386
SRR,11829,3387
KLK1,11835,3388
OTUB1,11846,3389
RCOR2,11847,3390
ZNF558,11853,3391
NDUFV1,11855,3392
PRDX2,11859,3393
HID1,11865,3394
ATP5PD,11867,3395
EVPL,11869,3396
SRP68,11870,3397
TMEM68,11874,3398
MLST8,11883,3399
E4F1,11884,3400
KCTD5,11889,3401
NLRC3,11892,3402
VPS37C,11895,3403
BSCL2,11900,3404
SLC3A2,11902,3405
SPINDOC,11904,3406
ATG16L2,11905,3407
TRANK1,11907,3408
FADD,11913,3409
LTBP3,11914,3410
BATF2,11917,3411
SLC22A11,11918,3412
CCDC88B,11922,3413
PBK,11924,3414
NUDT16L1,11930,3415
SETD5,11936,3416
VASN,11937,3417
H3-4,11939,3418
LMBRD1,11947,3419
TTC39C,11950,3420
GLYCTK,11951,3421
POLR2J3,11954,3422
COA6,11962,3423
KIF5C,11963,3424
MGAT2,11964,3425
H1-4,11970,3426
ACOX2,11974,3427
ARF4,11984,3428
BDKRB2,11992,3429
MLKL,11993,3430
RFWD3,11994,3431
COG7,11999,3432
STIP1,12001,3433
TNXB,12007,3434
BMP1,12010,3435
POLR3D,12014,3436
GBX2,12018,3437
HJV,12019,3438
CHRM1,12025,3439
SNRNP48,12030,3440
STAT3,12036,3441
ZSWIM1,12037,3442
VWA3B,12045,3443
LRATD2,12048,3444
LRP1B,12054,3445
SHOX2,12069,3446
ABHD15,12072,3447
ZBTB5,12073,3448
CHTF8,12074,3449
IL12A,12078,3450
NSG1,12081,3451
FSTL5,12085,3452
ANKRD49,12089,3453
C2orf68,12093,3454
LETM1,12105,3455
MFF,12115,3456
ATP5ME,12125,3457
HNRNPH1,12131,3458
IRS1,12132,3459
MECP2,12133,3460
CSNK1G1,12147,3461
ZNF354A,12151,3462
ATF5,12152,3463
CPT1C,12155,3464
PCSK9,12156,3465
RAB3B,12166,3466
CD2BP2,12168,3467
RGS14,12170,3468
TBC1D10B,12171,3469
LMAN2,12172,3470
RAB24,12174,3471
SH3TC2,12182,3472
MRPL1,12191,3473
SNUPN,12203,3474
PTK2,12209,3475
METTL15,12233,3476
ZEB2,12237,3477
PCBP1,12239,3478
INO80E,12244,3479
DFFB,12246,3480
APLF,12254,3481
LRRC45,12263,3482
CHRNA5,12264,3483
MT1B,12265,3484
CENPX,12266,3485
AGPAT2,12267,3486
CNBP,12271,3487
MT1E,12272,3488
TAPT1,12284,3489
UGP2,12285,3490
ROBO1,12294,3491
TOR1AIP2,12311,3492
OTUD3,12314,3493
ZNF747,12322,3494
ZNF768,12323,3495
MAP3K2,12326,3496
SF3B5,12328,3497
MYO7B,12333,3498
CHD3,12334,3499
SIMC1,12347,3500
NSG2,12349,3501
ZNF778,12352,3502
HNRNPA3,12357,3503
SIK2,12358,3504
CHRNB1,12363,3505
USP38,12366,3506
SLC16A5,12367,3507
ADPRM,12371,3508
PWWP2A,12373,3509
USP47,12375,3510
PDCD6IP,12376,3511
ZNF282,12381,3512
FAXDC2,12384,3513
ELP5,12389,3514
NFRKB,12396,3515
B3GNT2,12400,3516
FOS,12401,3517
SMAD1,12404,3518
SP7,12409,3519
TCAF2,12410,3520
TMEM182,12417,3521
CD14,12430,3522
RALGAPB,12435,3523
PYM1,12436,3524
MZB1,12437,3525
NPAS2,12441,3526
NUDT9,12445,3527
HSD17B13,12446,3528
KRT83,12450,3529
IRX2,12458,3530
STAT2,12462,3531
NUDCD2,12463,3532
COMMD5,12469,3533
ARMC10,12473,3534
TRABD,12476,3535
ATF7,12477,3536
RASA4B,12478,3537
HOXB9,12483,3538
TTLL6,12484,3539
POLH,12485,3540
USP32,12503,3541
CEL,12504,3542
MRFAP1L2,12507,3543
KBTBD2,12509,3544
TRIAP1,12511,3545
KIAA0232,12513,3546
MTSS1,12514,3547
RNF139,12516,3548
MSANTD4,12523,3549
NDUFA3,12524,3550
HAS2,12542,3551
LRRC8E,12550,3552
TSNARE1,12553,3553
SOX7,12559,3554
C11orf24,12561,3555
TRMT61B,12566,3556
PRKCE,12576,3557
OR2K2,12577,3558
RLN3,12579,3559
TADA3,12580,3560
ZNF692,12586,3561
SMR3B,12593,3562
TMEM126B,12595,3563
CDC42BPG,12600,3564
SHCBP1,12607,3565
FAM98B,12610,3566
GAA,12613,3567
CHD7,12620,3568
ESCO2,12621,3569
LURAP1,12624,3570
XAGE3,12631,3571
KSR2,12639,3572
ZBTB26,12643,3573
DSEL,12645,3574
DLK2,12649,3575
ZNF318,12651,3576
ZNF561,12652,3577
LRRC8C,12658,3578
COL24A1,12665,3579
NEUROD2,12672,3580
ZNF584,12682,3581
SLC25A33,12691,3582
SPSB1,12693,3583
PLEKHG5,12700,3584
ATF7IP,12701,3585
TCEA2,12704,3586
HDAC3,12707,3587
AFG2B,12716,3588
SLFNL1,12722,3589
METTL18,12729,3590
PWWP2B,12732,3591
MLLT3,12739,3592
RPS21,12744,3593
PTEN,12747,3594
RNASEH1,12750,3595
FRMD5,12754,3596
CYP4F11,12756,3597
FBXW10,12760,3598
ZNF217,12761,3599
SCG2,12764,3600
ATPAF2,12765,3601
PPIH,12768,3602
DRC3,12769,3603
SYNPO,12774,3604
LAMB2,12784,3605
EIF2AK3,12792,3606
KRCC1,12795,3607
FRMD3,12804,3608
MTBP,12806,3609
TEFM,12807,3610
MRPL13,12808,3611
MBOAT1,12812,3612
CEBPB,12817,3613
PAIP1,12821,3614
C5orf34,12823,3615
DPAGT1,12828,3616
SPTLC3,12833,3617
COPRS,12834,3618
POP7,12840,3619
GNB2,12848,3620
GNG12,12857,3621
COPS9,12867,3622
FIBP,12882,3623
PPP1CA,12886,3624
HCFC1,12887,3625
CHCHD1,12896,3626
RND1,12899,3627
WASHC2C,12904,3628
TMEM134,12905,3629
MUS81,12917,3630
CFL1,12923,3631
NAA16,12925,3632
RAB43,12929,3633
FADS6,12930,3634
HOXC5,12932,3635
DCP2,12934,3636
RARG,12939,3637
CES2,12943,3638
NADSYN1,12951,3639
MYEOV,12956,3640
MYD88,12959,3641
OXSR1,12961,3642
PHF8,12963,3643
TADA2B,12974,3644
EVC2,12978,3645
COQ2,12985,3646
HSPA6,12987,3647
KDM2A,12990,3648
ADCK5,12992,3649
MRPL57,12993,3650
ESRRA,12995,3651
COMMD1,12998,3652
RAPH1,12999,3653
PARP14,13002,3654
CKS1B,13005,3655
SYT12,13014,3656
GOLGB1,13015,3657
PLAC8L1,13021,3658
TNKS,13027,3659
MAP3K11,13033,3660
TRIB1,13034,3661
KCNK7,13036,3662
OLR1,13041,3663
GLIPR1L1,13042,3664
DAG1,13043,3665
ARV1,13046,3666
IHO1,13048,3667
EHBP1L1,13052,3668
RNF26,13055,3669
PPP1R14B,13056,3670
ZNRD2,13057,3671
FKBP2,13062,3672
VEGFB,13063,3673
PEAK1,13064,3674
MST1,13066,3675
GMPPB,13068,3676
ZNF622,13070,3677
ADGRF3,13075,3678
CCDC106,13079,3679
CEP83,13081,3680
PC,13084,3681
GPRC6A,13087,3682
NMNAT1,13088,3683
SLC19A1,13092,3684
UQCRH,13095,3685
EIF1AX,13098,3686
SPDYE2B,13099,3687
BCLAF3,13100,3688
TOP6BL,13108,3689
CD7,13113,3690
JUP,13115,3691
HAP1,13116,3692
EIF1,13118,3693
PLK3,13124,3694
CBX2,13131,3695
ATP5MK,13136,3696
MARCHF3,13139,3697
SWSAP1,13140,3698
RBM4,13142,3699
CIMAP3,13143,3700
XXYLT1,13144,3701
GNG5,13156,3702
SPATA31G1,13158,3703
CD34,13159,3704
CTSF,13160,3705
MSRB3,13161,3706
UQCC4,13163,3707
CYB561D1,13171,3708
ZDHHC24,13173,3709
TRMT10C,13174,3710
MGA,13177,3711
PIGG,13181,3712
ZNHIT2,13188,3713
ZBTB4,13190,3714
GTF2IRD2B,13204,3715
ZWILCH,13207,3716
RPL4,13208,3717
BBS1,13218,3718
DENND4A,13219,3719
ANKRD36C,13222,3720
SLC26A9,13223,3721
PELI3,13225,3722
MYO1H,13227,3723
MRPL11,13229,3724
IL20RB,13231,3725
AKIRIN1,13233,3726
NPAS4,13234,3727
ANGEL2,13239,3728
UGT8,13240,3729
SLC29A2,13245,3730
BRSK2,13246,3731
B4GAT1,13247,3732
RESF1,13251,3733
NR1D2,13254,3734
HRAS,13259,3735
RIN1,13263,3736
FZD4,13267,3737
CD248,13268,3738
PDZK1,13270,3739
ADGRE1,13271,3740
GLMN,13274,3741
YIF1A,13276,3742
CNIH2,13277,3743
RAB1B,13283,3744
MICOS13,13286,3745
KCTD13,13290,3746
GPR171,13293,3747
DHX36,13297,3748
FBXW8,13301,3749
CA5A,13302,3750
SLC22A1,13305,3751
CTBP2,13307,3752
ZDHHC14,13309,3753
UBE2C,13311,3754
GK5,13313,3755
VCPIP1,13314,3756
MRPS22,13323,3757
MARCKSL1,13326,3758
CSRP2,13334,3759
PARL,13336,3760
DCTN2,13340,3761
ATG13,13347,3762
DOLK,13355,3763
CCNE2,13358,3764
PHYKPL,13359,3765
ZNF519,13363,3766
CLTB,13379,3767
TBC1D10C,13384,3768
ALG10B,13401,3769
DRAP1,13402,3770
UCP2,13405,3771
C11orf68,13406,3772
PAAF1,13407,3773
RAB6A,13409,3774
P2RY2,13410,3775
ERCC4,13412,3776
GPR156,13421,3777
KDF1,13424,3778
B3GNTL1,13425,3779
MLXIP,13427,3780
NR2F1,13428,3781
AURKAIP1,13429,3782
TTLL11,13430,3783
TOMM5,13432,3784
CTDNEP1,13441,3785
CALCB,13446,3786
CREG2,13447,3787
ARL4D,13454,3788
UBE2O,13457,3789
KLHL38,13459,3790
DENND2C,13461,3791
TUBB6,13464,3792
B3GALT6,13467,3793
C11orf16,13469,3794
CRYBG2,13478,3795
CHMP6,13483,3796
GPX2,13488,3797
BNIP3,13493,3798
LRRTM4,13499,3799
ANAPC2,13508,3800
B3GNT4,13521,3801
GJC3,13529,3802
KCMF1,13531,3803
DNAJC30,13532,3804
SPRYD4,13533,3805
CLK2,13537,3806
SLCO3A1,13539,3807
WDR25,13541,3808
SGF29,13542,3809
CNTD1,13550,3810
RMDN1,13557,3811
MEX3C,13558,3812
HORMAD2,13559,3813
LRRC37A,13563,3814
BDNF,13566,3815
BOK,13569,3816
RBIS,13571,3817
LRRC37A3,13582,3818
FAM91A1,13586,3819
TYMS,13590,3820
PXMP2,13591,3821
PNMA1,13593,3822
C8G,13597,3823
FUT2,13598,3824
THAP4,13602,3825
NFATC2IP,13603,3826
FAM89B,13606,3827
DPP7,13608,3828
MTHFR,13612,3829
TMEM80,13616,3830
FBXO46,13619,3831
SLC38A9,13621,3832
WDR73,13623,3833
POLE,13624,3834
RHOG,13628,3835
ZDHHC22,13630,3836
FAM210A,13635,3837
RPS6KA3,13641,3838
GATD1,13648,3839
ZBTB38,13661,3840
TIMM22,13666,3841
SAMD9L,13671,3842
ACOT4,13683,3843
IRX3,13690,3844
TBL1XR1,13699,3845
ZNF491,13704,3846
IL17RA,13713,3847
TEX44,13716,3848
AGTRAP,13717,3849
CD151,13726,3850
TMEM94,13732,3851
FLII,13733,3852
SOX12,13734,3853
HNRNPA0,13735,3854
ARL6IP6,13752,3855
MAMDC4,13755,3856
RPS27,13758,3857
RIC8A,13759,3858
LCN15,13762,3859
DPY19L2,13764,3860
IMPDH2,13773,3861
NDUFAF3,13776,3862
C2orf69,13777,3863
STAP2,13779,3864
TSSK6,13781,3865
PDE4DIP,13783,3866
NDUFV2,13787,3867
PARD6G,13795,3868
ZNF543,13805,3869
TMEM151B,13806,3870
GALNT11,13807,3871
TMEM11,13815,3872
KCNG2,13817,3873
DNAJC22,13828,3874
BEND3,13831,3875
DTX3,13839,3876
KLHL11,13840,3877
CTXN1,13842,3878
ERBB4,13847,3879
DEFB125,13850,3880
GPR35,13855,3881
CSRNP3,13857,3882
SUZ12,13861,3883
NSUN3,13862,3884
DHFR2,13864,3885
COX5A,13869,3886
DPY19L3,13892,3887
ZNF852,13894,3888
CYBC1,13898,3889
ZBTB7A,13904,3890
TUFM,13905,3891
FBXO34,13909,3892
EIF3K,13911,3893
KLHDC7A,13920,3894
FAM133A,13931,3895
DPM3,13932,3896
CYC1,13934,3897
TMTC2,13937,3898
HES7,13938,3899
SAMD4B,13942,3900
GGN,13950,3901
HNRNPCL1,13951,3902
TMEM125,13952,3903
CALR,13955,3904
PTPN11,13966,3905
CLK3,13972,3906
GATA2,13974,3907
ARID3B,13975,3908
EGR3,13979,3909
FJX1,13986,3910
LBX2,13994,3911
SLITRK4,13996,3912
GCC1,13998,3913
CIITA,14001,3914
CDC42EP4,14007,3915
LACC1,14010,3916
MAF1,14011,3917
WDR97,14017,3918
CDH5,14024,3919
MRGPRX3,14029,3920
SERTAD2,14031,3921
RNF227,14035,3922
CITED4,14036,3923
PDXDC1,14040,3924
ZNF154,14042,3925
B3GNT3,14044,3926
NRXN1,14046,3927
BBS10,14054,3928
FIZ1,14055,3929
DCTPP1,14058,3930
TSHZ1,14060,3931
PSTK,14061,3932
SEPTIN1,14073,3933
TRNAU1AP,14074,3934
CSNK1A1L,14078,3935
F2,14087,3936
FGD6,14094,3937
MEIOC,14103,3938
FZD2,14104,3939
TIGD2,14105,3940
ZNF609,14109,3941
PAK2,14110,3942
MCFD2,14112,3943
GAS1,14117,3944
ARHGAP45,14118,3945
BHLHA15,14126,3946
H2AC6,14130,3947
EIF2S3B,14131,3948
H2BC4,14133,3949
ZNF594,14137,3950
PCGF5,14138,3951
ZFP3,14157,3952
HOXC10,14162,3953
KCTD2,14175,3954
CMTR2,14178,3955
FAM83H,14180,3956
MRPL14,14188,3957
GPR137C,14189,3958
NQO1,14197,3959
METTL23,14205,3960
SLC26A11,14206,3961
MAPK15,14210,3962
EHMT1,14211,3963
F2R,14213,3964
NPM1,14217,3965
DHTKD1,14219,3966
H2AC25,14222,3967
SLC25A41,14226,3968
TLCD5,14227,3969
FRAT2,14228,3970
ZNF322,14231,3971
NME9,14232,3972
SPEM1,14233,3973
HEPHL1,14234,3974
AATK,14243,3975
DDN,14244,3976
ZNF678,14248,3977
ACBD4,14254,3978
SETD2,14260,3979
MEX3D,14262,3980
MRPS23,14264,3981
ZNF875,14276,3982
YIPF6,14278,3983
ZBTB20,14279,3984
DIPK2A,14280,3985
GPR3,14283,3986
SIAH2,14286,3987
LSM10,14290,3988
RNF41,14295,3989
ADO,14303,3990
MRPS11,14310,3991
SNRPE,14311,3992
USH1G,14316,3993
IDH2,14318,3994
FAM89A,14329,3995
TDRKH,14331,3996
IST1,14333,3997
MRPL41,14335,3998
ENPP7,14336,3999
UBA7,14344,4000
MRPS16,14345,4001
RAD51B,14347,4002
CRYGB,14348,4003
MOB2,14353,4004
C8orf33,14370,4005
C1S,14377,4006
PGBD4,14391,4007
EXOC7,14398,4008
KPNA2,14400,4009
CEP97,14403,4010
FES,14405,4011
GLRX5,14406,4012
VCF2,14407,4013
MXRA7,14410,4014
MFSD5,14412,4015
ADI1,14414,4016
RGS6,14443,4017
PAPPA,14447,4018
NGRN,14449,4019
GRID1,14450,4020
C1orf116,14455,4021
GALNT9,14466,4022
RBM10,14468,4023
RPL35A,14473,4024
SLC25A18,14475,4025
WFDC10B,14480,4026
SRPRA,14481,4027
EWSR1,14483,4028
GJC1,14487,4029
C12orf60,14494,4030
NAA38,14496,4031
SLC25A10,14506,4032
LYSMD4,14509,4033
NKX2-5,14512,4034
AFMID,14513,4035
GAS6,14514,4036
NEB,14516,4037
GPC6,14518,4038
ARHGEF37,14519,4039
GJD3,14527,4040
RABIF,14528,4041
FANCF,14530,4042
POTEC,14536,4043
DDX41,14544,4044
SELENOF,14551,4045
EPHA10,14558,4046
BCOR,14563,4047
JRKL,14564,4048
FHL3,14570,4049
LRIT3,14576,4050
SF3A3,14578,4051
TRIM61,14580,4052
MX2,14588,4053
EP400,14589,4054
MEX3B,14590,4055
TENT5C,14591,4056
COA5,14592,4057
SERHL2,14599,4058
ZNRF3,14604,4059
TANGO2,14606,4060
MRPL54,14611,4061
DGCR6,14615,4062
ALYREF,14630,4063
CMTM4,14641,4064
CBX6,14646,4065
TBL3,14649,4066
TRAIP,14653,4067
ZNF703,14659,4068
LIN9,14670,4069
NUDT14,14672,4070
GPR39,14676,4071
ZNF730,14678,4072
KIRREL1,14679,4073
SCN5A,14683,4074
TTC32,14688,4075
DNAH2,14690,4076
KMT5A,14694,4077
NPW,14697,4078
TMPRSS2,14704,4079
DIABLO,14708,4080
UQCR10,14712,4081
TSPYL2,14731,4082
GOLGA6L4,14732,4083
IRAK1,14736,4084
ALDH1A3,14742,4085
H2AC20,14743,4086
KCNK12,14744,4087
POU6F1,14746,4088
TM2D3,14748,4089
TACSTD2,14750,4090
ZDHHC23,14754,4091
EFNA5,14761,4092
MAP7D2,14767,4093
ACTRT3,14770,4094
PLA2G6,14771,4095
MAML2,14772,4096
FOXO4,14788,4097
PTP4A3,14790,4098
FOXD4L1,14791,4099
PROS1,14793,4100
HDDC3,14796,4101
CEND1,14799,4102
SOCS3,14803,4103
XPOT,14808,4104
PDE4B,14810,4105
SNN,14813,4106
KRBA2,14817,4107
ZNF93,14819,4108
SEPTIN9,14820,4109
AMER1,14826,4110
ZBTB40,14827,4111
CLDN6,14829,4112
EIF4ENIF1,14832,4113
SERINC4,14834,4114
FAM110C,14838,4115
ATL3,14840,4116
NDUFA12,14841,4117
DYNLT2,14843,4118
UBE2G2,14844,4119
OSBP2,14846,4120
APOO,14849,4121
TMED9,14851,4122
SDR42E1,14854,4123
RBM33,14855,4124
RBM43,14859,4125
SUMO3,14860,4126
FMNL1,14866,4127
USP18,14878,4128
SIVA1,14884,4129
AP3M1,14891,4130
F8,14892,4131
CA13,14894,4132
MAFF,14896,4133
BRF1,14897,4134
ANO9,14915,4135
HSF1,14920,4136
LRRC37B,14928,4137
DDX51,14929,4138
IFITM2,14935,4139
TNFAIP2,14936,4140
ZNF445,14937,4141
TCEAL9,14939,4142
PRPF39,14944,4143
CDNF,14951,4144
CCDC137,14959,4145
SCN10A,14964,4146
HGS,14973,4147
SP140L,14979,4148
MRPL30,14980,4149
TMT1A,14983,4150
IFNLR1,14984,4151
ZSWIM9,14987,4152
GPRIN3,14990,4153
FAM131C,15001,4154
PDE6G,15004,4155
SP1,15012,4156
LMLN,15018,4157
ZBTB3,15034,4158
DRG1,15040,4159
MORF4L1,15055,4160
NLRP9,15056,4161
SLC52A2,15059,4162
PCYT2,15062,4163
BCAP31,15064,4164
GNB1L,15066,4165
TRIM69,15075,4166
PRSS38,15078,4167
ZNF267,15094,4168
IRS2,15095,4169
FAM186A,15097,4170
RASA3,15106,4171
LRCH3,15107,4172
ZNF284,15113,4173
AIDA,15118,4174
PIP5K1C,15131,4175
CYP4F2,15133,4176
TEX38,15134,4177
ZBTB6,15135,4178
C2orf76,15136,4179
POLR3C,15138,4180
UBL4B,15140,4181
POLR1D,15145,4182
KIF18B,15146,4183
EDARADD,15152,4184
LCE5A,15156,4185
TOR3A,15167,4186
PPP1CC,15169,4187
RGS9BP,15174,4188
RXRA,15179,4189
NUDT17,15181,4190
KRT10,15186,4191
CCDC30,15189,4192
GNG2,15203,4193
CEACAM19,15222,4194
NF2,15223,4195
KATNA1,15228,4196
ARAP1,15230,4197
PRR5,15236,4198
BCDIN3D,15239,4199
LYRM7,15241,4200
TPCN1,15259,4201
KRT16,15262,4202
HEXIM1,15263,4203
TRABD2A,15267,4204
KRTAP17-1,15268,4205
POFUT2,15270,4206
TMEM17,15275,4207
ZDHHC17,15280,4208
ZNF395,15283,4209
ZACN,15284,4210
PTRH1,15296,4211
TMEM216,15301,4212
MITF,15310,4213
LYPD6,15316,4214
RNF220,15320,4215
ANGPTL5,15321,4216
DYNC2H1,15331,4217
MAGI2,15343,4218
CHP1,15346,4219
PTMA,15355,4220
HSPA14,15357,4221
SIRT7,15359,4222
IFT140,15361,4223
USP7,15367,4224
PLEKHN1,15373,4225
ZNF385C,15374,4226
TET3,15376,4227
ISG15,15378,4228
ZKSCAN4,15381,4229
VMAC,15386,4230
NHEJ1,15405,4231
FANCA,15406,4232
MCRS1,15415,4233
ZFP69B,15422,4234
ZFP69,15425,4235
C2orf78,15428,4236
H1-2,15429,4237
P2RX2,15432,4238
OR6C75,15434,4239
PABIR1,15437,4240
DMBT1,15442,4241
OVCH1,15448,4242
ZNF490,15466,4243
NWD1,15469,4244
TMEM221,15472,4245
ZFTA,15476,4246
EYS,15481,4247
C6orf132,15482,4248
MAPK12,15485,4249
AGRN,15489,4250
NHS,15490,4251
CIMIP2A,15492,4252
ZC3H6,15497,4253
LAMTOR4,15498,4254
NUTM2B,15500,4255
TUBB4B,15505,4256
AGAP4,15506,4257
COMMD6,15507,4258
HYKK,15510,4259
ZNF559,15524,4260
SBK1,15525,4261
ZP3,15532,4262
H3-5,15534,4263
JAKMIP3,15536,4264
CHM,15544,4265
BLOC1S5,15546,4266
NDOR1,15567,4267
SUMO2,15577,4268
NANOS1,15578,4269
S100A16,15585,4270
PARVB,15593,4271
SLC4A5,15594,4272
RBM34,15605,4273
MTF1,15619,4274
TMEM201,15622,4275
ZDHHC11,15626,4276
SLX4,15629,4277
FAM78B,15633,4278
MSL1,15639,4279
LRRK2,15640,4280
FAM120AOS,15648,4281
NELFB,15654,4282
SLC15A5,15655,4283
KCTD21,15660,4284
ADAT2,15662,4285
ALKBH2,15670,4286
RNF222,15672,4287
ARID2,15682,4288
PRSS48,15685,4289
SP6,15688,4290
CLDN4,15694,4291
ZNF573,15695,4292
FAM47E,15697,4293
BTBD8,15709,4294
C15orf61,15711,4295
PNRC2,15716,4296
FAM53B,15725,4297
SLC35E2B,15730,4298
TOGARAM2,15731,4299
MMP23B,15740,4300
SYCP2,15747,4301
ZNF724,15748,4302
MATCAP1,15761,4303
ZNF250,15767,4304
WDSUB1,15768,4305
ZNF79,15769,4306
PLEKHG4,15771,4307
FAT4,15772,4308
ACADSB,15776,4309
TMEM63A,15778,4310
CTSE,15779,4311
ZNF766,15785,4312
NIF3L1,15807,4313
STK31,15813,4314
ZNF565,15822,4315
WDR5,15825,4316
LONP1,15826,4317
TRRAP,15827,4318
ASB13,15831,4319
ZNF781,15834,4320
ZNF140,15835,4321
INCA1,15836,4322
ZNF124,15846,4323
S100A5,15848,4324
NPIPB15,15855,4325
ARMCX4,15857,4326
YRDC,15858,4327
PIK3R4,15860,4328
IPO4,15871,4329
NCOR2,15872,4330
SULT1A1,15873,4331
ARL9,15874,4332
TPK1,15879,4333
MYO18A,15883,4334
SPTSSB,15884,4335
SULF2,15891,4336
PLXNB2,15894,4337
SLC22A25,15902,4338
ZNF846,15904,4339
UGT2B15,15907,4340
SDHAF3,15910,4341
TRAPPC4,15916,4342
IFT70B,15917,4343
TECPR2,15919,4344
ZNF33B,15927,4345
ZNF431,15930,4346
LCE1B,15936,4347
H2AC11,15949,4348
ZNF239,15951,4349
CHRNG,15953,4350
ILRUN,15956,4351
POTEI,15957,4352
ARID5A,15959,4353
NHLRC2,15965,4354
H2AC7,15966,4355
ZFP28,15967,4356
H2BC26,15972,4357
HCAR1,15977,4358
SRGAP1,15981,4359
SLC39A10,15986,4360
LAGE3,15993,4361
WDR45,15997,4362
METTL9,15998,4363
ZNF100,16003,4364
ZNF398,16005,4365
ANXA6,16007,4366
ZNF420,16011,4367
ZNF763,16012,4368
DTHD1,16014,4369
H4C3,16015,4370
ARRDC1,16018,4371
KIAA1671,16019,4372
SLC6A17,16025,4373
ZGPAT,16028,4374
PGAP1,16030,4375
SRC,16031,4376
ZNF772,16034,4377
PCNX3,16036,4378
LRRC8B,16039,4379
SND1,16042,4380
ZNF785,16043,4381
C1D,16055,4382
SERPINA1,16061,4383
C6orf141,16064,4384
GTF2E2,16065,4385
FITM2,16071,4386
BLM,16072,4387
KRBOX5,16073,4388
PELI1,16078,4389
ZNF655,16079,4390
MRPL21,16080,4391
LYPD2,16081,4392
FBXL22,16084,4393
ZNF517,16086,4394
ZNF860,16091,4395
C5AR1,16093,4396
DCHS2,16097,4397
IPP,16101,4398
MAP3K5,16103,4399
GSTK1,16106,4400
STMN3,16109,4401
ZNF695,16114,4402
ZNF628,16115,4403
SLC2A10,16117,4404
SLC28A3,16120,4405
MIB2,16122,4406
SIPA1L1,16126,4407
RAB40C,16129,4408
PIGN,16130,4409
COL4A6,16131,4410
HOXA4,16133,4411
ENTPD6,16137,4412
DMBX1,16138,4413
ENPP1,16139,4414
CDC42SE1,16149,4415
MPEG1,16150,4416
PDCD1LG2,16154,4417
SPTAN1,16159,4418
NMB,16160,4419
FAM114A1,16163,4420
ZNF460,16165,4421
CR1L,16166,4422
HOXC6,16174,4423
TXNRD3,16175,4424
MCMBP,16179,4425
EME2,16180,4426
TAF13,16183,4427
ZNF780A,16184,4428
CCDC180,16189,4429
SLC9A8,16190,4430
NKIRAS1,16206,4431
ADH5,16211,4432
SLC22A6,16212,4433
HES5,16218,4434
DNM3,16231,4435
MPZL1,16233,4436
VPS13A,16234,4437
LEKR1,16239,4438
NOL8,16243,4439
ENTPD7,16248,4440
ZNF335,16250,4441
RPS4X,16253,4442
GRK6,16260,4443
MARCHF5,16262,4444
SFI1,16272,4445
LPAR1,16280,4446
TMEM229B,16285,4447
SOWAHC,16286,4448
ZNF770,16287,4449
ZNF251,16293,4450
DDRGK1,16294,4451
ZXDA,16304,4452
FKBP1C,16309,4453
DDX42,16310,4454
UBL5,16314,4455
HELZ,16315,4456
UCKL1,16318,4457
ZNF485,16321,4458
SDAD1,16323,4459
MYL4,16328,4460
ZNF813,16330,4461
PIM3,16333,4462
ASPH,16335,4463
SPRED2,16336,4464
GFPT1,16338,4465
UVRAG,16339,4466
ZNF26,16340,4467
ITSN2,16342,4468
OGA,16344,4469
MT1F,16345,4470
ZNF69,16347,4471
TXNRD1,16348,4472
NRARP,16349,4473
ZNF480,16356,4474
TPM2,16358,4475
B3GNT6,16363,4476
YTHDF2,16364,4477
TMA16,16365,4478
MAFK,16369,4479
GPN1,16372,4480
ZNF28,16375,4481
ITGBL1,16376,4482
CTNND1,16383,4483
ARC,16389,4484
LRBA,16392,4485
ZNF536,16393,4486
MMP17,16394,4487
BAZ1A,16395,4488
COPS8,16397,4489
CCDC69,16398,4490
NCOA6,16404,4491
CALM1,16408,4492
LPA,16409,4493
CEP290,16422,4494
MT-CYB,16431,4495
PPP1R14C,16433,4496
MSRB1,16437,4497
EPS8L3,16448,4498
MT-ND2,16450,4499
MTOR,16462,4500
CHAMP1,16479,4501
ARHGAP11A,16481,4502
OPA1,16487,4503
DENND4B,16488,4504
ZNF277,16490,4505
OSTC,16501,4506
GRK5,16508,4507
SMC5,16516,4508
MT-ND1,16517,4509
SHISA4,16520,4510
CAPZA2,16522,4511
MT-ATP6,16523,4512
PRC1,16525,4513
L1CAM,16528,4514
C1orf174,16530,4515
ATG9A,16538,4516
NOS1AP,16539,4517
NAGA,16552,4518
SMG5,16553,4519
KIFBP,16554,4520
SGMS1,16559,4521
ZNF525,16561,4522
EFCAB2,16567,4523
COX20,16568,4524
CR1,16573,4525
ECT2L,16578,4526
SPRN,16584,4527
EEF1AKMT2,16591,4528
DDO,16593,4529
H2BC18,16596,4530
GDI1,16605,4531
PCMTD2,16606,4532
ZYG11A,16624,4533
GLT6D1,16627,4534
LIPN,16630,4535
INPP5B,16639,4536
NHSL2,16648,4537
PHACTR4,16650,4538
AGAP6,16653,4539
BMPR2,16668,4540
COL5A2,16679,4541
PSMB8,16680,4542
NOTCH4,16689,4543
RNF5,16692,4544
PRRT1,16695,4545
SMIM5,16698,4546
WHR1,16701,4547
DXO,16704,4548
NELFE,16706,4549
ZBTB12,16709,4550
SDHD,16710,4551
EHMT2,16711,4552
XAGE1A,16712,4553
HSPA1B,16717,4554
VWA7,16722,4555
CARD16,16723,4556
MBD5,16725,4557
LY6G5C,16732,4558
CSNK2B,16733,4559
GPANK1,16734,4560
C6orf47,16735,4561
BAG6,16740,4562
PRRC2A,16741,4563
AIF1,16742,4564
NFKBIL1,16746,4565
MICB,16750,4566
HLA-C,16755,4567
C6orf15,16762,4568
DHX16,16764,4569
MRPS18B,16766,4570
DPRX,16776,4571
ZNF468,16778,4572
ZFP57,16791,4573
MOG,16793,4574
AKT1S1,16798,4575
GABBR1,16799,4576
MROH6,16815,4577
FAM216A,16821,4578
ZBTB48,16822,4579
NAT8B,16825,4580
LRRC3C,16833,4581
FBXO48,16838,4582
FBXO47,16846,4583
AARD,16852,4584
SLC35B4,16856,4585
TMEM278,16866,4586
TRIQK,16868,4587
SDHAF1,16869,4588
PSENEN,16871,4589
LGR4,16877,4590
PSMB10,16878,4591
E2F4,16881,4592
SARNP,16889,4593
IPO7,16891,4594
PRR13,16892,4595
CNEP1R1,16903,4596
NAP1L4,16914,4597
TMEM256,16916,4598
MUC19,16921,4599
DENND6B,16922,4600
LCMT1,16924,4601
CEMP1,16970,4602
RNPS1,16973,4603
NYNRIN,16975,4604
SERPINB5,16988,4605
TMEM191C,16993,4606
RNASE13,16994,4607
HLA-A,17006,4608
COLQ,17015,4609
SELENOH,17020,4610
TSN,17025,4611
SLC48A1,17026,4612
PRR22,17028,4613
CTAGE1,17035,4614
MAP10,17047,4615
ZNF611,17050,4616
DENND1B,17055,4617
CEP43,17057,4618
KLHL23,17065,4619
FAM24B,17067,4620
TRIM59,17068,4621
ARHGEF35,17073,4622
DNLZ,17076,4623
NRAS,17080,4624
ANKRD39,17082,4625
CHUK,17084,4626
MXD3,17085,4627
ARHGAP19,17088,4628
SIPA1,17098,4629
ZBTB9,17111,4630
TMX2,17112,4631
GPSM3,17120,4632
NCKIPSD,17122,4633
ATF6B,17123,4634
TREX1,17124,4635
S1PR3,17125,4636
CLIC1,17128,4637
UGT2B11,17131,4638
ZNF134,17133,4639
DDX47,17135,4640
KCTD11,17141,4641
LTB4R,17146,4642
DNASE1,17148,4643
MDP1,17149,4644
ZNF726,17160,4645
TAX1BP3,17162,4646
TM6SF2,17166,4647
MEF2B,17167,4648
REPIN1,17170,4649
SMIM7,17174,4650
ARL16,17178,4651
ALG3,17186,4652
SMIM30,17188,4653
C17orf67,17191,4654
FIS1,17193,4655
PLIN5,17210,4656
NUTM2D,17218,4657
IQCF5,17224,4658
C12orf71,17228,4659
IFRD2,17229,4660
HNRNPUL2,17233,4661
CSKMT,17234,4662
ARHGEF28,17246,4663
LRRC69,17248,4664
CRPPA,17249,4665
NEURL4,17257,4666
C16orf90,17263,4667
PEX26,17270,4668
DDX3X,17279,4669
VPS16,17280,4670
ZNF407,17287,4671
NPEPL1,17288,4672
TMEM242,17298,4673
TMEM167B,17299,4674
ATAD3C,17309,4675
CKLF,17317,4676
CDC14C,17319,4677
FAM228B,17332,4678
ZGLP1,17334,4679
VAMP2,17335,4680
FANCG,17342,4681
CEBPD,17351,4682
FAM200C,17355,4683
HMSD,17356,4684
TIGD1,17368,4685
SLC12A8,17371,4686
FADS3,17373,4687
PSMB11,17386,4688
VPS52,17393,4689
MSL3B,17412,4690
PRR29,17413,4691
ADM5,17415,4692
NDUFAF8,17423,4693
MKRN2OS,17433,4694
ZNF469,17436,4695
SLC26A6,17438,4696
FAM229A,17441,4697
NTF4,17445,4698
TEX22,17450,4699
TMEM185B,17455,4700
KIF4B,17457,4701
WDR46,17470,4702
ANHX,17471,4703
ZNF717,17472,4704
PARG,17477,4705
AKR1B15,17478,4706
SCAMP4,17480,4707
MT-ATP8,17488,4708
VN1R4,17494,4709
FNDC10,17496,4710
SAPCD1,17501,4711
ZNF688,17518,4712
ACBD6,17529,4713
CCDC192,17537,4714
HSBP1,17546,4715
RPS18,17553,4716
PSG1,17560,4717
TAPBP,17561,4718
PPP1R2B,17562,4719
ASCL5,17569,4720
OR52I1,17572,4721
SMIM26,17574,4722
PET117,17581,4723
MCIDAS,17620,4724
JRK,17621,4725
MED14OS,17622,4726
NPIPB2,17623,4727
HLA-B,17624,4728
ANKRD65,17630,4729
BRD3OS,17631,4730
C12orf75,17634,4731
SMIM27,17642,4732
MFRP,17646,4733
KIAA0040,17647,4734
ZBED5,17657,4735
UBE2L5,17664,4736
ZNF593OS,17669,4737
B3GNT9,17672,4738
RGL2,17680,4739
KIFC1,17686,4740
C2orf74,17687,4741
FAM200B,17692,4742
LRRC37A2,17697,4743
TMEM250,17700,4744
TXNDC5,17703,4745
CASTOR1,17704,4746
TNFSF12,17715,4747
CDRT4,17716,4748
ACAD11,17736,4749
PPIL3,17737,4750
TNFRSF13B,17741,4751
PNMA2,17747,4752
PEDS1,17751,4753
NSUN6,17756,4754
CRIPTO,17761,4755
CRCP,17765,4756
PDXP,17768,4757
PISD,17785,4758
MTFP1,17791,4759
PEG10,17799,4760
DECR2,17807,4761
GNG10,17808,4762
RTL5,17811,4763
ZNF709,17813,4764
STMP1,17825,4765
EFNA4,17827,4766
NICOL1,17829,4767
AMY2A,17831,4768
KRTAP10-11,17832,4769
CFB,17838,4770
NME2,17841,4771
LEFTY1,17843,4772
CFAP57,17844,4773
TTC4,17846,4774
TMEM35B,17848,4775
APOBEC3D,17850,4776
MRPS6,17853,4777
ACY1,17857,4778
RBM12,17875,4779
UBE2V1,17886,4780
N4BP2L2,17891,4781
H2AJ,17894,4782
PGAM5,17896,4783
ZCCHC3,17897,4784
MARS2,17900,4785
DRC12,17912,4786
FMN1,17916,4787
NAIP,17922,4788
TMEM158,17937,4789
TRMT9B,17942,4790
SMIM20,17944,4791
GLI4,17953,4792
SELENOP,17955,4793
ZNF550,17967,4794
PRB1,17971,4795
PTX4,17972,4796
C8orf88,17974,4797
TUG1,17981,4798
TRNP1,17982,4799
ALG11,17988,4800
ATXN7L3B,17989,4801
AP5B1,18004,4802
CSNK2A3,18010,4803
INS,18012,4804
OR8J2,18014,4805
MEX3A,18017,4806
EEF1G,18019,4807
MPV17L2,18021,4808
BORCS8,18023,4809
DPP3,18024,4810
PIGY,18028,4811
EID1,18039,4812
TAS2R43,18043,4813
NPIPB8,18048,4814
POLR2M,18049,4815
COA8,18060,4816
ZNF10,18066,4817
SMIM3,18068,4818
HMBS,18069,4819
ZNF225,18070,4820
DND1,18073,4821
POLG2,18075,4822
STH,18082,4823
ZNF253,18083,4824
C17orf100,18085,4825
DENND11,18093,4826
BACC1,18115,4827
CEP95,18128,4828
ERLN,18133,4829
RBM15B,18145,4830
TGFBR3L,18146,4831
HOXB7,18147,4832
CCDC187,18149,4833
HSPB9,18154,4834
XKR7,18161,4835
GREP1,18191,4836
OVCA2,18200,4837
MRPL12,18201,4838
GTF2I,18204,4839
GJA5,18225,4840
RNF115,18230,4841
ZNF488,18232,4842
SRGAP2,18236,4843
BAHCC1,18237,4844
NCOA4,18243,4845
FXYD1,18248,4846
ZNF850,18250,4847
UPK3BL1,18254,4848
ZNF285,18256,4849
NBPF12,18269,4850
ZNF728,18290,4851
ZNF587B,18297,4852
TMEM185A,18305,4853
NBPF9,18308,4854
LIX1L,18337,4855
MILR1,18338,4856
ANKRD34A,18340,4857
GTF2H5,18341,4858
DCP1A,18351,4859
C2orf15,18353,4860
CWC25,18366,4861
EPOP,18367,4862
ZNHIT3,18368,4863
H2BC14,18370,4864
LHX1,18371,4865
CYFIP1,18372,4866
USP27X,18376,4867
NOL12,18378,4868
CASTOR2,18381,4869
RCC1L,18397,4870
SEBOX,18398,4871
H2BC17,18404,4872
H3C6,18406,4873
TBC1D3B,18407,4874
PPP4R3B,18413,4875
HNF1B,18427,4876
AATF,18433,4877
ORAI1,18449,4878
H2AC16,18466,4879
F8A3,18472,4880
H4C4,18473,4881
PIGW,18474,4882
PCGF2,18477,4883
GPR179,18480,4884
MARCKS,18481,4885
GPIHBP1,18484,4886
CISD3,18499,4887
RDM1,18500,4888
DHRS11,18513,4889
ACACA,18514,4890
C11orf98,18519,4891
MRM1,18520,4892
H4C1,18521,4893
H3C10,18526,4894
CCDC163,18542,4895
CNTNAP3C,18566,4896
PRSS50,18579,4897
C2orf81,18593,4898
THSD8,18600,4899
EEF1AKMT4,18613,4900
TBCE,18614,4901
H3C2,18646,4902
ACTL10,18652,4903
F8A1,18657,4904
CCDST,18658,4905
PTF1A,18659,4906
OR4A8,18660,4907
OR5BS1P,18662,4908
TRDV1,18663,4909
LINC00642,18664,4910
IGHD,18665,4911
LINC02138,18666,4912
LRRC37A16P,18667,4913
DEFB124,18668,4914
KRTAP13-4,18669,4915
IGKV1OR22-1,18670,4916
NBPF21P,18671,4917
LINC00877,18672,4918
OR5H8,18673,4919
LINC02042,18674,4920
UNC93B7,18675,4921
LINC02063,18676,4922
LINC02900,18677,4923
PCDHB1,18678,4924
PCDHB11,18679,4925
PCDHGB7,18680,4926
XIST,18682,4927
MCF2L2P1,18684,4928
ACTRT2,18688,4929
CCL1,18704,4930
DEFB118,18725,4931
KRTAP10-9,18786,4932
KRTAP19-7,18798,4933
KRTAP5-11,18813,4934
LCE2A,18819,4935
MS4A5,18842,4936
PCDHGA7,19038,4937
PCDHGC3,19046,4938
SPACA7,19080,4939
SPINK14,19082,4940
XAGE5,19121,4941
