DRUG_ID,DRUG_NAME,PathwayID,Pathway
1,Erlotinib,600,GRB2 EVENTS IN EGFR SIGNALING R-HSA-179812
11,Paclitaxel,18,APC/C:CDH1 MEDIATED DEGRADATION OF CDC20 AND APC/C:CDH1 TARGETS IN LATE MITOSIS/EARLY G1 R-HSA-174178
17,Cyclopamine,131,ASSEMBLY OF COLLAGEN FIBRILS AND OTHER MULTIMERIC STRUCTURES R-HSA-2022090
32,Tozasertib,18,APC/C:CDH1 MEDIATED DEGRADATION OF CDC20 AND APC/C:CDH1 TARGETS IN LATE MITOSIS/EARLY G1 R-HSA-174178
41,S-Trityl-L-cysteine,18,APC/C:CDH1 MEDIATED DEGRADATION OF CDC20 AND APC/C:CDH1 TARGETS IN LATE MITOSIS/EARLY G1 R-HSA-174178
45,Z-LLNle-CHO,131,ASSEMBLY OF COLLAGEN FIBRILS AND OTHER MULTIMERIC STRUCTURES R-HSA-2022090
53,CGP-60474,14,APC/C-MEDIATED DEGRADATION OF CELL CYCLE PROTEINS R-HSA-174143
54,CGP-082996,14,APC/C-MEDIATED DEGRADATION OF CELL CYCLE PROTEINS R-HSA-174143
60,BI-2536,14,APC/C-MEDIATED DEGRADATION OF CELL CYCLE PROTEINS R-HSA-174143
62,BMS-536924,695,IGF1R SIGNALING CASCADE R-HSA-2428924
71,Pyrimethamine,131,ASSEMBLY OF COLLAGEN FIBRILS AND OTHER MULTIMERIC STRUCTURES R-HSA-2022090
87,GW843682X,14,APC/C-MEDIATED DEGRADATION OF CELL CYCLE PROTEINS R-HSA-174143
106,XMD8-85,131,ASSEMBLY OF COLLAGEN FIBRILS AND OTHER MULTIMERIC STRUCTURES R-HSA-2022090
110,Seliciclib,14,APC/C-MEDIATED DEGRADATION OF CELL CYCLE PROTEINS R-HSA-174143
111,Salubrinal,131,ASSEMBLY OF COLLAGEN FIBRILS AND OTHER MULTIMERIC STRUCTURES R-HSA-2022090
127,GSK269962A,2051,REGULATION OF ACTIN CYTOSKELETON
133,Doxorubicin,337,DNA REPLICATION PRE-INITIATION R-HSA-69002
134,Etoposide,337,DNA REPLICATION PRE-INITIATION R-HSA-69002
135,Gemcitabine,337,DNA REPLICATION PRE-INITIATION R-HSA-69002
136,Mitomycin-C,337,DNA REPLICATION PRE-INITIATION R-HSA-69002
140,Vinorelbine,18,APC/C:CDH1 MEDIATED DEGRADATION OF CDC20 AND APC/C:CDH1 TARGETS IN LATE MITOSIS/EARLY G1 R-HSA-174178
147,NSC-87877,131,ASSEMBLY OF COLLAGEN FIBRILS AND OTHER MULTIMERIC STRUCTURES R-HSA-2022090
151,QS11,131,ASSEMBLY OF COLLAGEN FIBRILS AND OTHER MULTIMERIC STRUCTURES R-HSA-2022090
153,Midostaurin,131,ASSEMBLY OF COLLAGEN FIBRILS AND OTHER MULTIMERIC STRUCTURES R-HSA-2022090
154,CHIR-99021,159,BETA-CATENIN INDEPENDENT WNT SIGNALING R-HSA-3858494
158,PF-562271,2051,REGULATION OF ACTIN CYTOSKELETON
165,DMOG,29,ABACAVIR METABOLISM R-HSA-2161541
166,FTI-277,131,ASSEMBLY OF COLLAGEN FIBRILS AND OTHER MULTIMERIC STRUCTURES R-HSA-2022090
167,OSU-03012,29,ABACAVIR METABOLISM R-HSA-2161541
170,Shikonin,131,ASSEMBLY OF COLLAGEN FIBRILS AND OTHER MULTIMERIC STRUCTURES R-HSA-2022090
172,Embelin,1837,APOPTOSIS
173,FH535,131,ASSEMBLY OF COLLAGEN FIBRILS AND OTHER MULTIMERIC STRUCTURES R-HSA-2022090
175,PAC-1,1837,APOPTOSIS
176,IPA-3,2051,REGULATION OF ACTIN CYTOSKELETON
179,5-Fluorouracil,131,ASSEMBLY OF COLLAGEN FIBRILS AND OTHER MULTIMERIC STRUCTURES R-HSA-2022090
180,Thapsigargin,131,ASSEMBLY OF COLLAGEN FIBRILS AND OTHER MULTIMERIC STRUCTURES R-HSA-2022090
182,Obatoclax Mesylate,1837,APOPTOSIS
185,Linsitinib,695,IGF1R SIGNALING CASCADE R-HSA-2428924
186,Bexarotene,131,ASSEMBLY OF COLLAGEN FIBRILS AND OTHER MULTIMERIC STRUCTURES R-HSA-2022090
190,Bleomycin,337,DNA REPLICATION PRE-INITIATION R-HSA-69002
196,Phenformin,131,ASSEMBLY OF COLLAGEN FIBRILS AND OTHER MULTIMERIC STRUCTURES R-HSA-2022090
197,Bryostatin 1,131,ASSEMBLY OF COLLAGEN FIBRILS AND OTHER MULTIMERIC STRUCTURES R-HSA-2022090
201,Epothilone B,18,APC/C:CDH1 MEDIATED DEGRADATION OF CDC20 AND APC/C:CDH1 TARGETS IN LATE MITOSIS/EARLY G1 R-HSA-174178
204,Tipifarnib,131,ASSEMBLY OF COLLAGEN FIBRILS AND OTHER MULTIMERIC STRUCTURES R-HSA-2022090
205,Avagacestat,131,ASSEMBLY OF COLLAGEN FIBRILS AND OTHER MULTIMERIC STRUCTURES R-HSA-2022090
208,Ispinesib Mesylate,18,APC/C:CDH1 MEDIATED DEGRADATION OF CDC20 AND APC/C:CDH1 TARGETS IN LATE MITOSIS/EARLY G1 R-HSA-174178
211,TL-2-105,131,ASSEMBLY OF COLLAGEN FIBRILS AND OTHER MULTIMERIC STRUCTURES R-HSA-2022090
219,AT-7519,14,APC/C-MEDIATED DEGRADATION OF CELL CYCLE PROTEINS R-HSA-174143
222,BX-912,29,ABACAVIR METABOLISM R-HSA-2161541
225,Genentech Cpd 10,18,APC/C:CDH1 MEDIATED DEGRADATION OF CDC20 AND APC/C:CDH1 TARGETS IN LATE MITOSIS/EARLY G1 R-HSA-174178
226,GSK1070916,18,APC/C:CDH1 MEDIATED DEGRADATION OF CDC20 AND APC/C:CDH1 TARGETS IN LATE MITOSIS/EARLY G1 R-HSA-174178
230,GSK429286A,2051,REGULATION OF ACTIN CYTOSKELETON
252,WZ3105,131,ASSEMBLY OF COLLAGEN FIBRILS AND OTHER MULTIMERIC STRUCTURES R-HSA-2022090
255,CP724714,600,GRB2 EVENTS IN EGFR SIGNALING R-HSA-179812
257,NPK76-II-72-1,14,APC/C-MEDIATED DEGRADATION OF CELL CYCLE PROTEINS R-HSA-174143
258,STF-62247,131,ASSEMBLY OF COLLAGEN FIBRILS AND OTHER MULTIMERIC STRUCTURES R-HSA-2022090
266,Zibotentan,131,ASSEMBLY OF COLLAGEN FIBRILS AND OTHER MULTIMERIC STRUCTURES R-HSA-2022090
268,Sepantronium bromide,1837,APOPTOSIS
269,NSC-207895,1628,TP53 REGULATES TRANSCRIPTION OF ADDITIONAL CELL CYCLE GENES WITH UNCERTAIN ROLES IN P53 PATHWAY R-HSA-6804115
273,CUDC-101,131,ASSEMBLY OF COLLAGEN FIBRILS AND OTHER MULTIMERIC STRUCTURES R-HSA-2022090
282,Pelitinib,600,GRB2 EVENTS IN EGFR SIGNALING R-HSA-179812
289,KIN001-042,159,BETA-CATENIN INDEPENDENT WNT SIGNALING R-HSA-3858494
290,KIN001-260,337,DNA REPLICATION PRE-INITIATION R-HSA-69002
291,KIN001-266,337,DNA REPLICATION PRE-INITIATION R-HSA-69002
294,MPS-1-IN-1,18,APC/C:CDH1 MEDIATED DEGRADATION OF CDC20 AND APC/C:CDH1 TARGETS IN LATE MITOSIS/EARLY G1 R-HSA-174178
300,CX-5461,131,ASSEMBLY OF COLLAGEN FIBRILS AND OTHER MULTIMERIC STRUCTURES R-HSA-2022090
301,PHA-793887,14,APC/C-MEDIATED DEGRADATION OF CELL CYCLE PROTEINS R-HSA-174143
309,Y-39983,2051,REGULATION OF ACTIN CYTOSKELETON
329,QL-XI-92,2051,REGULATION OF ACTIN CYTOSKELETON
330,XMD13-2,2051,REGULATION OF ACTIN CYTOSKELETON
333,T0901317,131,ASSEMBLY OF COLLAGEN FIBRILS AND OTHER MULTIMERIC STRUCTURES R-HSA-2022090
344,THZ-2-49,14,APC/C-MEDIATED DEGRADATION OF CELL CYCLE PROTEINS R-HSA-174143
345,KIN001-270,131,ASSEMBLY OF COLLAGEN FIBRILS AND OTHER MULTIMERIC STRUCTURES R-HSA-2022090
346,THZ-2-102-1,14,APC/C-MEDIATED DEGRADATION OF CELL CYCLE PROTEINS R-HSA-174143
366,TWS119,159,BETA-CATENIN INDEPENDENT WNT SIGNALING R-HSA-3858494
406,LIMK1 inhibitor BMS4,2051,REGULATION OF ACTIN CYTOSKELETON
410,"MetAP2 Inhibitor, A832234",131,ASSEMBLY OF COLLAGEN FIBRILS AND OTHER MULTIMERIC STRUCTURES R-HSA-2022090
412,Venotoclax,1837,APOPTOSIS
415,CPI-613,131,ASSEMBLY OF COLLAGEN FIBRILS AND OTHER MULTIMERIC STRUCTURES R-HSA-2022090
416,CAY10566,131,ASSEMBLY OF COLLAGEN FIBRILS AND OTHER MULTIMERIC STRUCTURES R-HSA-2022090
427,Ara-G,131,ASSEMBLY OF COLLAGEN FIBRILS AND OTHER MULTIMERIC STRUCTURES R-HSA-2022090
428,Pemetrexed,337,DNA REPLICATION PRE-INITIATION R-HSA-69002
431,Alisertib,18,APC/C:CDH1 MEDIATED DEGRADATION OF CDC20 AND APC/C:CDH1 TARGETS IN LATE MITOSIS/EARLY G1 R-HSA-174178
432,Flavopiridol,14,APC/C-MEDIATED DEGRADATION OF CELL CYCLE PROTEINS R-HSA-174143
435,C-75,1837,APOPTOSIS
436,"CAP-232, TT-232, TLN-232",29,ABACAVIR METABOLISM R-HSA-2161541
439,LCL161,1837,APOPTOSIS
446,MIM1,1837,APOPTOSIS
449,CD532,18,APC/C:CDH1 MEDIATED DEGRADATION OF CDC20 AND APC/C:CDH1 TARGETS IN LATE MITOSIS/EARLY G1 R-HSA-174178
461,NSC319726,1628,TP53 REGULATES TRANSCRIPTION OF ADDITIONAL CELL CYCLE GENES WITH UNCERTAIN ROLES IN P53 PATHWAY R-HSA-6804115
474,ARRY-520,18,APC/C:CDH1 MEDIATED DEGRADATION OF CDC20 AND APC/C:CDH1 TARGETS IN LATE MITOSIS/EARLY G1 R-HSA-174178
477,A-83-01,131,ASSEMBLY OF COLLAGEN FIBRILS AND OTHER MULTIMERIC STRUCTURES R-HSA-2022090
478,LDN-193189,131,ASSEMBLY OF COLLAGEN FIBRILS AND OTHER MULTIMERIC STRUCTURES R-HSA-2022090
546,FTY-720,131,ASSEMBLY OF COLLAGEN FIBRILS AND OTHER MULTIMERIC STRUCTURES R-HSA-2022090
552,BAM7,131,ASSEMBLY OF COLLAGEN FIBRILS AND OTHER MULTIMERIC STRUCTURES R-HSA-2022090
562,AGI-6780,29,ABACAVIR METABOLISM R-HSA-2161541
573,LGK974,159,BETA-CATENIN INDEPENDENT WNT SIGNALING R-HSA-3858494
574,Wnt-C59,159,BETA-CATENIN INDEPENDENT WNT SIGNALING R-HSA-3858494
576,RU-SKI 43,131,ASSEMBLY OF COLLAGEN FIBRILS AND OTHER MULTIMERIC STRUCTURES R-HSA-2022090
1001,AICA Ribonucleotide,29,ABACAVIR METABOLISM R-HSA-2161541
1004,Vinblastine,18,APC/C:CDH1 MEDIATED DEGRADATION OF CDC20 AND APC/C:CDH1 TARGETS IN LATE MITOSIS/EARLY G1 R-HSA-174178
1005,Cisplatin,337,DNA REPLICATION PRE-INITIATION R-HSA-69002
1006,Cytarabine,131,ASSEMBLY OF COLLAGEN FIBRILS AND OTHER MULTIMERIC STRUCTURES R-HSA-2022090
1007,Docetaxel,18,APC/C:CDH1 MEDIATED DEGRADATION OF CDC20 AND APC/C:CDH1 TARGETS IN LATE MITOSIS/EARLY G1 R-HSA-174178
1008,Methotrexate,337,DNA REPLICATION PRE-INITIATION R-HSA-69002
1009,Tretinoin,131,ASSEMBLY OF COLLAGEN FIBRILS AND OTHER MULTIMERIC STRUCTURES R-HSA-2022090
1010,Gefitinib,600,GRB2 EVENTS IN EGFR SIGNALING R-HSA-179812
1011,Navitoclax,1837,APOPTOSIS
1022,AZD7762,14,APC/C-MEDIATED DEGRADATION OF CELL CYCLE PROTEINS R-HSA-174143
1025,SB216763,159,BETA-CATENIN INDEPENDENT WNT SIGNALING R-HSA-3858494
1032,Afatinib,600,GRB2 EVENTS IN EGFR SIGNALING R-HSA-179812
1033,Vismodegib,131,ASSEMBLY OF COLLAGEN FIBRILS AND OTHER MULTIMERIC STRUCTURES R-HSA-2022090
1046,Wee1 Inhibitor,14,APC/C-MEDIATED DEGRADATION OF CELL CYCLE PROTEINS R-HSA-174143
1047,Nutlin-3a (-),1628,TP53 REGULATES TRANSCRIPTION OF ADDITIONAL CELL CYCLE GENES WITH UNCERTAIN ROLES IN P53 PATHWAY R-HSA-6804115
1050,ZM447439,18,APC/C:CDH1 MEDIATED DEGRADATION OF CDC20 AND APC/C:CDH1 TARGETS IN LATE MITOSIS/EARLY G1 R-HSA-174178
1052,RO-3306,14,APC/C-MEDIATED DEGRADATION OF CELL CYCLE PROTEINS R-HSA-174143
1054,Palbociclib,14,APC/C-MEDIATED DEGRADATION OF CELL CYCLE PROTEINS R-HSA-174143
1067,CCT007093,14,APC/C-MEDIATED DEGRADATION OF CELL CYCLE PROTEINS R-HSA-174143
1069,EHT-1864,2051,REGULATION OF ACTIN CYTOSKELETON
1072,Avagacestat,131,ASSEMBLY OF COLLAGEN FIBRILS AND OTHER MULTIMERIC STRUCTURES R-HSA-2022090
1091,BMS-536924,695,IGF1R SIGNALING CASCADE R-HSA-2428924
1114,Cetuximab,600,GRB2 EVENTS IN EGFR SIGNALING R-HSA-179812
1128,FS106,14,APC/C-MEDIATED DEGRADATION OF CELL CYCLE PROTEINS R-HSA-174143
1133,Serdemetan,1628,TP53 REGULATES TRANSCRIPTION OF ADDITIONAL CELL CYCLE GENES WITH UNCERTAIN ROLES IN P53 PATHWAY R-HSA-6804115
1142,HG-5-113-01,18,APC/C:CDH1 MEDIATED DEGRADATION OF CDC20 AND APC/C:CDH1 TARGETS IN LATE MITOSIS/EARLY G1 R-HSA-174178
1149,TW 37,1837,APOPTOSIS
1166,QL-VIII-58,131,ASSEMBLY OF COLLAGEN FIBRILS AND OTHER MULTIMERIC STRUCTURES R-HSA-2022090
1183,CRT0160829,337,DNA REPLICATION PRE-INITIATION R-HSA-69002
1192,GSK269962A,2051,REGULATION OF ACTIN CYTOSKELETON
1230,IOX2,131,ASSEMBLY OF COLLAGEN FIBRILS AND OTHER MULTIMERIC STRUCTURES R-HSA-2022090
1239,YK-4-279,131,ASSEMBLY OF COLLAGEN FIBRILS AND OTHER MULTIMERIC STRUCTURES R-HSA-2022090
1241,CHIR-99021,159,BETA-CATENIN INDEPENDENT WNT SIGNALING R-HSA-3858494
1243,Piperlongumine,131,ASSEMBLY OF COLLAGEN FIBRILS AND OTHER MULTIMERIC STRUCTURES R-HSA-2022090
1248,Daporinad,29,ABACAVIR METABOLISM R-HSA-2161541
1261,rTRAIL,1837,APOPTOSIS
1266,ICL1100013,131,ASSEMBLY OF COLLAGEN FIBRILS AND OTHER MULTIMERIC STRUCTURES R-HSA-2022090
1268,XAV939,159,BETA-CATENIN INDEPENDENT WNT SIGNALING R-HSA-3858494
1362,BAY ACCi,29,ABACAVIR METABOLISM R-HSA-2161541
1363,BAY AKT1,1837,APOPTOSIS
1368,BAY-MPS1,18,APC/C:CDH1 MEDIATED DEGRADATION OF CDC20 AND APC/C:CDH1 TARGETS IN LATE MITOSIS/EARLY G1 R-HSA-174178
1369,BAY-MPS-combo-1 (paclitaxel 5 uM),18,APC/C:CDH1 MEDIATED DEGRADATION OF CDC20 AND APC/C:CDH1 TARGETS IN LATE MITOSIS/EARLY G1 R-HSA-174178
1375,Temozolomide,337,DNA REPLICATION PRE-INITIATION R-HSA-69002
1377,Afatinib,600,GRB2 EVENTS IN EGFR SIGNALING R-HSA-179812
1378,Bleomycin (50 uM),337,DNA REPLICATION PRE-INITIATION R-HSA-69002
1386,Doxorubicin,337,DNA REPLICATION PRE-INITIATION R-HSA-69002
1392,Bleomycin (10 uM),337,DNA REPLICATION PRE-INITIATION R-HSA-69002
1393,Gemcitabine,337,DNA REPLICATION PRE-INITIATION R-HSA-69002
1401,AZD5438,14,APC/C-MEDIATED DEGRADATION OF CELL CYCLE PROTEINS R-HSA-174143
1402,AZD7762,14,APC/C-MEDIATED DEGRADATION OF CELL CYCLE PROTEINS R-HSA-174143
1409,AZD4877,18,APC/C:CDH1 MEDIATED DEGRADATION OF CDC20 AND APC/C:CDH1 TARGETS IN LATE MITOSIS/EARLY G1 R-HSA-174178
1425,BPTES,131,ASSEMBLY OF COLLAGEN FIBRILS AND OTHER MULTIMERIC STRUCTURES R-HSA-2022090
1426,AZD7969,159,BETA-CATENIN INDEPENDENT WNT SIGNALING R-HSA-3858494
1427,AZD5582,131,ASSEMBLY OF COLLAGEN FIBRILS AND OTHER MULTIMERIC STRUCTURES R-HSA-2022090
1428,IAP_5620,131,ASSEMBLY OF COLLAGEN FIBRILS AND OTHER MULTIMERIC STRUCTURES R-HSA-2022090
1429,IAP_7638,131,ASSEMBLY OF COLLAGEN FIBRILS AND OTHER MULTIMERIC STRUCTURES R-HSA-2022090
1430,IGFR_3801,695,IGF1R SIGNALING CASCADE R-HSA-2428924
1436,MCT1_6447,14,APC/C-MEDIATED DEGRADATION OF CELL CYCLE PROTEINS R-HSA-174143
1437,MCT4_1422,131,ASSEMBLY OF COLLAGEN FIBRILS AND OTHER MULTIMERIC STRUCTURES R-HSA-2022090
1451,PLK_6522,14,APC/C-MEDIATED DEGRADATION OF CELL CYCLE PROTEINS R-HSA-174143
1464,TTK_3146,18,APC/C:CDH1 MEDIATED DEGRADATION OF CDC20 AND APC/C:CDH1 TARGETS IN LATE MITOSIS/EARLY G1 R-HSA-174178
1490,SN-38,337,DNA REPLICATION PRE-INITIATION R-HSA-69002
1494,SN-38,337,DNA REPLICATION PRE-INITIATION R-HSA-69002
1496,Cisplatin,337,DNA REPLICATION PRE-INITIATION R-HSA-69002
1529,Pevonedistat,131,ASSEMBLY OF COLLAGEN FIBRILS AND OTHER MULTIMERIC STRUCTURES R-HSA-2022090
