Final_Rank,Feature,Mean_SHAP,Posterior_Mean,Posterior_SD,HDI_95_Lower,HDI_95_Upper,Bayesian_Stability,Gene,GeneID,PathwayID,Pathway,Source
1,EXP_HEPHL1 (341208),0.0003298324601801,0.00032989477,1.9974033e-05,0.00029048635,0.00036928125,16.51618222474765,HEPHL1,,,,
2,CRISPR_ZBTB40 (9923),0.0002544296248205,0.0002539615,1.865126e-05,0.00021898758,0.00029165883,13.616318558489148,ZBTB40,,,,
3,CRISPR_BTBD2 (55643),0.0001857295883062,0.00018593633,2.4113317e-05,0.00014315748,0.00023644994,7.710939695148685,BTBD2,,,,
4,EXP_ANAPC16 (119504),0.0001772662727572,0.00017698147,1.5913774e-05,0.00014631427,0.00020788485,11.121275957212433,ANAPC16,11492.0,13.0,APC-Cdc20 Mediated Degradation Of Nek2A R-HSA-179409,Reactome
4,EXP_ANAPC16 (119504),0.0001772662727572,0.00017698147,1.5913774e-05,0.00014631427,0.00020788485,11.121275957212433,ANAPC16,11492.0,14.0,APC/C-mediated Degradation Of Cell Cycle Proteins R-HSA-174143,Reactome
4,EXP_ANAPC16 (119504),0.0001772662727572,0.00017698147,1.5913774e-05,0.00014631427,0.00020788485,11.121275957212433,ANAPC16,11492.0,15.0,APC/C:Cdc20 Mediated Degradation Of Cyclin B R-HSA-174048,Reactome
4,EXP_ANAPC16 (119504),0.0001772662727572,0.00017698147,1.5913774e-05,0.00014631427,0.00020788485,11.121275957212433,ANAPC16,11492.0,16.0,APC/C:Cdc20 Mediated Degradation Of Securin R-HSA-174154,Reactome
4,EXP_ANAPC16 (119504),0.0001772662727572,0.00017698147,1.5913774e-05,0.00014631427,0.00020788485,11.121275957212433,ANAPC16,11492.0,17.0,APC/C:Cdc20 Mediated Degradation Of Mitotic Proteins R-HSA-176409,Reactome
4,EXP_ANAPC16 (119504),0.0001772662727572,0.00017698147,1.5913774e-05,0.00014631427,0.00020788485,11.121275957212433,ANAPC16,11492.0,18.0,APC/C:Cdh1 Mediated Degradation Of Cdc20 And APC/C:Cdh1 Targets In Late Mitosis/Early G1 R-HSA-174178,Reactome
4,EXP_ANAPC16 (119504),0.0001772662727572,0.00017698147,1.5913774e-05,0.00014631427,0.00020788485,11.121275957212433,ANAPC16,11492.0,19.0,APC:Cdc20 Mediated Degradation Of Cell Cycle Proteins Before Cycle Checkpoint Satisfied R-HSA-179419,Reactome
4,EXP_ANAPC16 (119504),0.0001772662727572,0.00017698147,1.5913774e-05,0.00014631427,0.00020788485,11.121275957212433,ANAPC16,11492.0,32.0,Aberrant Regulation Of Mitotic Cell Cycle Due To RB1 Defects R-HSA-9687139,Reactome
4,EXP_ANAPC16 (119504),0.0001772662727572,0.00017698147,1.5913774e-05,0.00014631427,0.00020788485,11.121275957212433,ANAPC16,11492.0,33.0,Aberrant Regulation Of Mitotic Exit In Cancer Due To RB1 Defects R-HSA-9687136,Reactome
4,EXP_ANAPC16 (119504),0.0001772662727572,0.00017698147,1.5913774e-05,0.00014631427,0.00020788485,11.121275957212433,ANAPC16,11492.0,51.0,Activation Of APC/C And APC/C:Cdc20 Mediated Degradation Of Mitotic Proteins R-HSA-176814,Reactome
4,EXP_ANAPC16 (119504),0.0001772662727572,0.00017698147,1.5913774e-05,0.00014631427,0.00020788485,11.121275957212433,ANAPC16,11492.0,133.0,Assembly Of Pre-Replicative Complex R-HSA-68867,Reactome
4,EXP_ANAPC16 (119504),0.0001772662727572,0.00017698147,1.5913774e-05,0.00014631427,0.00020788485,11.121275957212433,ANAPC16,11492.0,140.0,Autodegradation Of Cdh1 By Cdh1:APC/C R-HSA-174084,Reactome
4,EXP_ANAPC16 (119504),0.0001772662727572,0.00017698147,1.5913774e-05,0.00014631427,0.00020788485,11.121275957212433,ANAPC16,11492.0,192.0,CDK-mediated Phosphorylation And Removal Of Cdc6 R-HSA-69017,Reactome
4,EXP_ANAPC16 (119504),0.0001772662727572,0.00017698147,1.5913774e-05,0.00014631427,0.00020788485,11.121275957212433,ANAPC16,11492.0,231.0,Cdc20:Phospho-APC/C Mediated Degradation Of Cyclin A R-HSA-174184,Reactome
4,EXP_ANAPC16 (119504),0.0001772662727572,0.00017698147,1.5913774e-05,0.00014631427,0.00020788485,11.121275957212433,ANAPC16,11492.0,232.0,Cell Cycle Checkpoints R-HSA-69620,Reactome
4,EXP_ANAPC16 (119504),0.0001772662727572,0.00017698147,1.5913774e-05,0.00014631427,0.00020788485,11.121275957212433,ANAPC16,11492.0,233.0,Cell Cycle R-HSA-1640170,Reactome
4,EXP_ANAPC16 (119504),0.0001772662727572,0.00017698147,1.5913774e-05,0.00014631427,0.00020788485,11.121275957212433,ANAPC16,11492.0,234.0,"Cell Cycle, Mitotic R-HSA-69278",Reactome
4,EXP_ANAPC16 (119504),0.0001772662727572,0.00017698147,1.5913774e-05,0.00014631427,0.00020788485,11.121275957212433,ANAPC16,11492.0,242.0,Cellular Senescence R-HSA-2559583,Reactome
4,EXP_ANAPC16 (119504),0.0001772662727572,0.00017698147,1.5913774e-05,0.00014631427,0.00020788485,11.121275957212433,ANAPC16,11492.0,248.0,Cellular Responses To Stimuli R-HSA-8953897,Reactome
4,EXP_ANAPC16 (119504),0.0001772662727572,0.00017698147,1.5913774e-05,0.00014631427,0.00020788485,11.121275957212433,ANAPC16,11492.0,249.0,Cellular Responses To Stress R-HSA-2262752,Reactome
4,EXP_ANAPC16 (119504),0.0001772662727572,0.00017698147,1.5913774e-05,0.00014631427,0.00020788485,11.121275957212433,ANAPC16,11492.0,301.0,Conversion From APC/C:Cdc20 To APC/C:Cdh1 In Late Anaphase R-HSA-176407,Reactome
4,EXP_ANAPC16 (119504),0.0001772662727572,0.00017698147,1.5913774e-05,0.00014631427,0.00020788485,11.121275957212433,ANAPC16,11492.0,337.0,DNA Replication Pre-Initiation R-HSA-69002,Reactome
4,EXP_ANAPC16 (119504),0.0001772662727572,0.00017698147,1.5913774e-05,0.00014631427,0.00020788485,11.121275957212433,ANAPC16,11492.0,338.0,DNA Replication R-HSA-69306,Reactome
4,EXP_ANAPC16 (119504),0.0001772662727572,0.00017698147,1.5913774e-05,0.00014631427,0.00020788485,11.121275957212433,ANAPC16,11492.0,401.0,Disease R-HSA-1643685,Reactome
4,EXP_ANAPC16 (119504),0.0001772662727572,0.00017698147,1.5913774e-05,0.00014631427,0.00020788485,11.121275957212433,ANAPC16,11492.0,415.0,Diseases Of Mitotic Cell Cycle R-HSA-9675126,Reactome
4,EXP_ANAPC16 (119504),0.0001772662727572,0.00017698147,1.5913774e-05,0.00014631427,0.00020788485,11.121275957212433,ANAPC16,11492.0,620.0,Gene Expression (Transcription) R-HSA-74160,Reactome
4,EXP_ANAPC16 (119504),0.0001772662727572,0.00017698147,1.5913774e-05,0.00014631427,0.00020788485,11.121275957212433,ANAPC16,11492.0,622.0,Generic Transcription Pathway R-HSA-212436,Reactome
4,EXP_ANAPC16 (119504),0.0001772662727572,0.00017698147,1.5913774e-05,0.00014631427,0.00020788485,11.121275957212433,ANAPC16,11492.0,714.0,Inactivation Of APC/C Via Direct Inhibition Of APC/C Complex R-HSA-141430,Reactome
4,EXP_ANAPC16 (119504),0.0001772662727572,0.00017698147,1.5913774e-05,0.00014631427,0.00020788485,11.121275957212433,ANAPC16,11492.0,828.0,M Phase R-HSA-68886,Reactome
4,EXP_ANAPC16 (119504),0.0001772662727572,0.00017698147,1.5913774e-05,0.00014631427,0.00020788485,11.121275957212433,ANAPC16,11492.0,912.0,Mitotic Anaphase R-HSA-68882,Reactome
4,EXP_ANAPC16 (119504),0.0001772662727572,0.00017698147,1.5913774e-05,0.00014631427,0.00020788485,11.121275957212433,ANAPC16,11492.0,915.0,Mitotic Metaphase And Anaphase R-HSA-2555396,Reactome
4,EXP_ANAPC16 (119504),0.0001772662727572,0.00017698147,1.5913774e-05,0.00014631427,0.00020788485,11.121275957212433,ANAPC16,11492.0,918.0,Mitotic Spindle Checkpoint R-HSA-69618,Reactome
4,EXP_ANAPC16 (119504),0.0001772662727572,0.00017698147,1.5913774e-05,0.00014631427,0.00020788485,11.121275957212433,ANAPC16,11492.0,1119.0,Phosphorylation Of APC/C R-HSA-176412,Reactome
4,EXP_ANAPC16 (119504),0.0001772662727572,0.00017698147,1.5913774e-05,0.00014631427,0.00020788485,11.121275957212433,ANAPC16,11492.0,1235.0,RNA Polymerase II Transcription R-HSA-73857,Reactome
4,EXP_ANAPC16 (119504),0.0001772662727572,0.00017698147,1.5913774e-05,0.00014631427,0.00020788485,11.121275957212433,ANAPC16,11492.0,1290.0,Regulation Of APC/C Activators Between G1/S And Early Anaphase R-HSA-176408,Reactome
4,EXP_ANAPC16 (119504),0.0001772662727572,0.00017698147,1.5913774e-05,0.00014631427,0.00020788485,11.121275957212433,ANAPC16,11492.0,1377.0,S Phase R-HSA-69242,Reactome
4,EXP_ANAPC16 (119504),0.0001772662727572,0.00017698147,1.5913774e-05,0.00014631427,0.00020788485,11.121275957212433,ANAPC16,11492.0,1443.0,Senescence-Associated Secretory Phenotype (SASP) R-HSA-2559582,Reactome
4,EXP_ANAPC16 (119504),0.0001772662727572,0.00017698147,1.5913774e-05,0.00014631427,0.00020788485,11.121275957212433,ANAPC16,11492.0,1452.0,Separation Of Sister Chromatids R-HSA-2467813,Reactome
4,EXP_ANAPC16 (119504),0.0001772662727572,0.00017698147,1.5913774e-05,0.00014631427,0.00020788485,11.121275957212433,ANAPC16,11492.0,1557.0,Switching Of Origins To A Post-Replicative State R-HSA-69052,Reactome
4,EXP_ANAPC16 (119504),0.0001772662727572,0.00017698147,1.5913774e-05,0.00014631427,0.00020788485,11.121275957212433,ANAPC16,11492.0,1564.0,Synthesis Of DNA R-HSA-69239,Reactome
4,EXP_ANAPC16 (119504),0.0001772662727572,0.00017698147,1.5913774e-05,0.00014631427,0.00020788485,11.121275957212433,ANAPC16,11492.0,1680.0,Transcriptional Regulation By VENTX R-HSA-8853884,Reactome
5,CRISPR_SLC2A12 (154091),0.000174336868005,0.00017435515,1.3111368e-05,0.00014971863,0.0002009464,13.298013808480702,SLC2A12,8638.0,243.0,Cellular Hexose Transport R-HSA-189200,Reactome
5,CRISPR_SLC2A12 (154091),0.000174336868005,0.00017435515,1.3111368e-05,0.00014971863,0.0002009464,13.298013808480702,SLC2A12,8638.0,1404.0,SLC-mediated Transmembrane Transport R-HSA-425407,Reactome
5,CRISPR_SLC2A12 (154091),0.000174336868005,0.00017435515,1.3111368e-05,0.00014971863,0.0002009464,13.298013808480702,SLC2A12,8638.0,1719.0,Transport Of Small Molecules R-HSA-382551,Reactome
6,EXP_FSCN1 (6624),0.0001580140917086,0.00015805534,8.860028e-06,0.000141401,0.00017577251,17.839145707255067,FSCN1,1301.0,317.0,Cytokine Signaling In Immune System R-HSA-1280215,Reactome
6,EXP_FSCN1 (6624),0.0001580140917086,0.00015805534,8.860028e-06,0.000141401,0.00017577251,17.839145707255067,FSCN1,1301.0,710.0,Immune System R-HSA-168256,Reactome
6,EXP_FSCN1 (6624),0.0001580140917086,0.00015805534,8.860028e-06,0.000141401,0.00017577251,17.839145707255067,FSCN1,1301.0,770.0,Interleukin-4 And Interleukin-13 Signaling R-HSA-6785807,Reactome
6,EXP_FSCN1 (6624),0.0001580140917086,0.00015805534,8.860028e-06,0.000141401,0.00017577251,17.839145707255067,FSCN1,1301.0,1494.0,Signaling By Interleukins R-HSA-449147,Reactome
6,EXP_FSCN1 (6624),0.0001580140917086,0.00015805534,8.860028e-06,0.000141401,0.00017577251,17.839145707255067,FSCN1,1301.0,1976.0,MicroRNAs in cancer,KEGG
7,EXP_SMIM30 (401397),0.0001281202432245,0.00012801951,1.31771685e-05,0.00010239828,0.00015363384,9.715251798830211,SMIM30,,,,
8,EXP_ME2 (4200),0.0001243686732389,0.0001243338,1.0296522e-05,0.000103593076,0.00014363149,12.075320050174458,ME2,1542.0,2044.0,Pyruvate metabolism,KEGG
9,CRISPR_ERLN (100130933),0.0001231377864338,0.00012321763,1.7084154e-05,9.267584e-05,0.00015885493,7.212392852639761,ERLN,,,,
10,EXP_NKX3-1 (4824),0.0001153055532489,0.00011517401,9.0583435e-06,9.8017255e-05,0.00013283895,12.714687498249,NKX3-1,11670.0,2015.0,Pathways in cancer,KEGG
10,EXP_NKX3-1 (4824),0.0001153055532489,0.00011517401,9.0583435e-06,9.8017255e-05,0.00013283895,12.714687498249,NKX3-1,11670.0,2035.0,Prostate cancer,KEGG
11,CRISPR_C16orf92 (146378),0.0001142019400206,0.000113877555,9.515526e-06,9.667409e-05,0.00013350794,11.967552375101777,C16orf92,,,,
12,CRISPR_CSAD (51380),0.000111843639248,0.000111871705,7.409657e-06,9.706559e-05,0.00012616337,15.098095344848073,CSAD,7668.0,386.0,Degradation Of Cysteine And Homocysteine R-HSA-1614558,Reactome
12,CRISPR_CSAD (51380),0.000111843639248,0.000111871705,7.409657e-06,9.706559e-05,0.00012616337,15.098095344848073,CSAD,7668.0,868.0,Metabolism Of Amino Acids And Derivatives R-HSA-71291,Reactome
12,CRISPR_CSAD (51380),0.000111843639248,0.000111871705,7.409657e-06,9.706559e-05,0.00012616337,15.098095344848073,CSAD,7668.0,1553.0,Sulfur Amino Acid Metabolism R-HSA-1614635,Reactome
12,CRISPR_CSAD (51380),0.000111843639248,0.000111871705,7.409657e-06,9.706559e-05,0.00012616337,15.098095344848073,CSAD,7668.0,2087.0,Taurine and hypotaurine metabolism,KEGG
13,CRISPR_F2R (2149),0.000111010247294,0.00011121887,1.1686203e-05,8.9162844e-05,0.00013509249,9.517109478645915,F2R,14213.0,268.0,Class A/1 (Rhodopsin-like Receptors) R-HSA-373076,Reactome
13,CRISPR_F2R (2149),0.000111010247294,0.00011121887,1.1686203e-05,8.9162844e-05,0.00013509249,9.517109478645915,F2R,14213.0,285.0,Common Pathway Of Fibrin Clot Formation R-HSA-140875,Reactome
13,CRISPR_F2R (2149),0.000111010247294,0.00011121887,1.1686203e-05,8.9162844e-05,0.00013509249,9.517109478645915,F2R,14213.0,545.0,Formation Of Fibrin Clot (Clotting Cascade) R-HSA-140877,Reactome
13,CRISPR_F2R (2149),0.000111010247294,0.00011121887,1.1686203e-05,8.9162844e-05,0.00013509249,9.517109478645915,F2R,14213.0,570.0,G Alpha (Q) Signaling Events R-HSA-416476,Reactome
13,CRISPR_F2R (2149),0.000111010247294,0.00011121887,1.1686203e-05,8.9162844e-05,0.00013509249,9.517109478645915,F2R,14213.0,596.0,GPCR Downstream Signaling R-HSA-388396,Reactome
13,CRISPR_F2R (2149),0.000111010247294,0.00011121887,1.1686203e-05,8.9162844e-05,0.00013509249,9.517109478645915,F2R,14213.0,597.0,GPCR Ligand Binding R-HSA-500792,Reactome
13,CRISPR_F2R (2149),0.000111010247294,0.00011121887,1.1686203e-05,8.9162844e-05,0.00013509249,9.517109478645915,F2R,14213.0,679.0,Hemostasis R-HSA-109582,Reactome
13,CRISPR_F2R (2149),0.000111010247294,0.00011121887,1.1686203e-05,8.9162844e-05,0.00013509249,9.517109478645915,F2R,14213.0,1097.0,Peptide Ligand-Binding Receptors R-HSA-375276,Reactome
13,CRISPR_F2R (2149),0.000111010247294,0.00011121887,1.1686203e-05,8.9162844e-05,0.00013509249,9.517109478645915,F2R,14213.0,1127.0,"Platelet Activation, Signaling And Aggregation R-HSA-76002",Reactome
13,CRISPR_F2R (2149),0.000111010247294,0.00011121887,1.1686203e-05,8.9162844e-05,0.00013509249,9.517109478645915,F2R,14213.0,1490.0,Signaling By GPCR R-HSA-372790,Reactome
13,CRISPR_F2R (2149),0.000111010247294,0.00011121887,1.1686203e-05,8.9162844e-05,0.00013509249,9.517109478645915,F2R,14213.0,1659.0,Thrombin Signaling Thru Proteinase Activated Receptors (PARs) R-HSA-456926,Reactome
13,CRISPR_F2R (2149),0.000111010247294,0.00011121887,1.1686203e-05,8.9162844e-05,0.00013509249,9.517109478645915,F2R,14213.0,1859.0,Calcium signaling pathway,KEGG
13,CRISPR_F2R (2149),0.000111010247294,0.00011121887,1.1686203e-05,8.9162844e-05,0.00013509249,9.517109478645915,F2R,14213.0,1879.0,Complement and coagulation cascades,KEGG
13,CRISPR_F2R (2149),0.000111010247294,0.00011121887,1.1686203e-05,8.9162844e-05,0.00013509249,9.517109478645915,F2R,14213.0,1988.0,Neuroactive ligand-receptor interaction,KEGG
13,CRISPR_F2R (2149),0.000111010247294,0.00011121887,1.1686203e-05,8.9162844e-05,0.00013509249,9.517109478645915,F2R,14213.0,2007.0,PI3K-Akt signaling pathway,KEGG
13,CRISPR_F2R (2149),0.000111010247294,0.00011121887,1.1686203e-05,8.9162844e-05,0.00013509249,9.517109478645915,F2R,14213.0,2015.0,Pathways in cancer,KEGG
13,CRISPR_F2R (2149),0.000111010247294,0.00011121887,1.1686203e-05,8.9162844e-05,0.00013509249,9.517109478645915,F2R,14213.0,2024.0,Phospholipase D signaling pathway,KEGG
13,CRISPR_F2R (2149),0.000111010247294,0.00011121887,1.1686203e-05,8.9162844e-05,0.00013509249,9.517109478645915,F2R,14213.0,2027.0,Platelet activation,KEGG
13,CRISPR_F2R (2149),0.000111010247294,0.00011121887,1.1686203e-05,8.9162844e-05,0.00013509249,9.517109478645915,F2R,14213.0,2049.0,Rap1 signaling pathway,KEGG
13,CRISPR_F2R (2149),0.000111010247294,0.00011121887,1.1686203e-05,8.9162844e-05,0.00013509249,9.517109478645915,F2R,14213.0,2051.0,Regulation of actin cytoskeleton,KEGG
13,CRISPR_F2R (2149),0.000111010247294,0.00011121887,1.1686203e-05,8.9162844e-05,0.00013509249,9.517109478645915,F2R,14213.0,2119.0,cAMP signaling pathway,KEGG
14,CRISPR_H3C2 (8358),0.0001090774174811,0.00010924076,6.7564583e-06,9.609959e-05,0.00012235175,16.168346374352314,H3C2,,,,
15,CRISPR_E2F4 (1874),0.0001070312729504,0.00010671357,1.1802511e-05,8.431526e-05,0.00012958843,9.041598677530192,E2F4,16881.0,233.0,Cell Cycle R-HSA-1640170,Reactome
15,CRISPR_E2F4 (1874),0.0001070312729504,0.00010671357,1.1802511e-05,8.431526e-05,0.00012958843,9.041598677530192,E2F4,16881.0,234.0,"Cell Cycle, Mitotic R-HSA-69278",Reactome
15,CRISPR_E2F4 (1874),0.0001070312729504,0.00010671357,1.1802511e-05,8.431526e-05,0.00012958843,9.041598677530192,E2F4,16881.0,312.0,Cyclin A:Cdk2-associated Events At S Phase Entry R-HSA-69656,Reactome
15,CRISPR_E2F4 (1874),0.0001070312729504,0.00010671357,1.1802511e-05,8.431526e-05,0.00012958843,9.041598677530192,E2F4,16881.0,313.0,Cyclin D Associated Events In G1 R-HSA-69231,Reactome
15,CRISPR_E2F4 (1874),0.0001070312729504,0.00010671357,1.1802511e-05,8.431526e-05,0.00012958843,9.041598677530192,E2F4,16881.0,314.0,Cyclin E Associated Events During G1/S Transition R-HSA-69202,Reactome
15,CRISPR_E2F4 (1874),0.0001070312729504,0.00010671357,1.1802511e-05,8.431526e-05,0.00012958843,9.041598677530192,E2F4,16881.0,580.0,G0 And Early G1 R-HSA-1538133,Reactome
15,CRISPR_E2F4 (1874),0.0001070312729504,0.00010671357,1.1802511e-05,8.431526e-05,0.00012958843,9.041598677530192,E2F4,16881.0,582.0,G1/S Transition R-HSA-69206,Reactome
15,CRISPR_E2F4 (1874),0.0001070312729504,0.00010671357,1.1802511e-05,8.431526e-05,0.00012958843,9.041598677530192,E2F4,16881.0,583.0,G1/S-Specific Transcription R-HSA-69205,Reactome
15,CRISPR_E2F4 (1874),0.0001070312729504,0.00010671357,1.1802511e-05,8.431526e-05,0.00012958843,9.041598677530192,E2F4,16881.0,620.0,Gene Expression (Transcription) R-HSA-74160,Reactome
15,CRISPR_E2F4 (1874),0.0001070312729504,0.00010671357,1.1802511e-05,8.431526e-05,0.00012958843,9.041598677530192,E2F4,16881.0,622.0,Generic Transcription Pathway R-HSA-212436,Reactome
15,CRISPR_E2F4 (1874),0.0001070312729504,0.00010671357,1.1802511e-05,8.431526e-05,0.00012958843,9.041598677530192,E2F4,16881.0,913.0,Mitotic G1 Phase And G1/S Transition R-HSA-453279,Reactome
15,CRISPR_E2F4 (1874),0.0001070312729504,0.00010671357,1.1802511e-05,8.431526e-05,0.00012958843,9.041598677530192,E2F4,16881.0,1235.0,RNA Polymerase II Transcription R-HSA-73857,Reactome
15,CRISPR_E2F4 (1874),0.0001070312729504,0.00010671357,1.1802511e-05,8.431526e-05,0.00012958843,9.041598677530192,E2F4,16881.0,1377.0,S Phase R-HSA-69242,Reactome
15,CRISPR_E2F4 (1874),0.0001070312729504,0.00010671357,1.1802511e-05,8.431526e-05,0.00012958843,9.041598677530192,E2F4,16881.0,1408.0,SMAD2/SMAD3:SMAD4 Heterotrimer Regulates Transcription R-HSA-2173796,Reactome
15,CRISPR_E2F4 (1874),0.0001070312729504,0.00010671357,1.1802511e-05,8.431526e-05,0.00012958843,9.041598677530192,E2F4,16881.0,1524.0,Signaling By TGF-beta Receptor Complex R-HSA-170834,Reactome
15,CRISPR_E2F4 (1874),0.0001070312729504,0.00010671357,1.1802511e-05,8.431526e-05,0.00012958843,9.041598677530192,E2F4,16881.0,1526.0,Signaling By TGFB Family Members R-HSA-9006936,Reactome
15,CRISPR_E2F4 (1874),0.0001070312729504,0.00010671357,1.1802511e-05,8.431526e-05,0.00012958843,9.041598677530192,E2F4,16881.0,1621.0,TP53 Regulates Transcription Of Cell Cycle Genes R-HSA-6791312,Reactome
15,CRISPR_E2F4 (1874),0.0001070312729504,0.00010671357,1.1802511e-05,8.431526e-05,0.00012958843,9.041598677530192,E2F4,16881.0,1627.0,TP53 Regulates Transcription Of Genes Involved In G2 Cell Cycle Arrest R-HSA-6804114,Reactome
15,CRISPR_E2F4 (1874),0.0001070312729504,0.00010671357,1.1802511e-05,8.431526e-05,0.00012958843,9.041598677530192,E2F4,16881.0,1673.0,Transcription Of E2F Targets Under Negative Control By DREAM Complex R-HSA-1362277,Reactome
15,CRISPR_E2F4 (1874),0.0001070312729504,0.00010671357,1.1802511e-05,8.431526e-05,0.00012958843,9.041598677530192,E2F4,16881.0,1674.0,Transcription Of E2F Targets Under Negative Control By P107 (RBL1) And P130 (RBL2) In Complex With HDAC1 R-HSA-1362300,Reactome
15,CRISPR_E2F4 (1874),0.0001070312729504,0.00010671357,1.1802511e-05,8.431526e-05,0.00012958843,9.041598677530192,E2F4,16881.0,1679.0,Transcriptional Regulation By TP53 R-HSA-3700989,Reactome
15,CRISPR_E2F4 (1874),0.0001070312729504,0.00010671357,1.1802511e-05,8.431526e-05,0.00012958843,9.041598677530192,E2F4,16881.0,1682.0,Transcriptional Activity Of SMAD2/SMAD3:SMAD4 Heterotrimer R-HSA-2173793,Reactome
15,CRISPR_E2F4 (1874),0.0001070312729504,0.00010671357,1.1802511e-05,8.431526e-05,0.00012958843,9.041598677530192,E2F4,16881.0,1863.0,Cell cycle,KEGG
15,CRISPR_E2F4 (1874),0.0001070312729504,0.00010671357,1.1802511e-05,8.431526e-05,0.00012958843,9.041598677530192,E2F4,16881.0,1864.0,Cellular senescence,KEGG
15,CRISPR_E2F4 (1874),0.0001070312729504,0.00010671357,1.1802511e-05,8.431526e-05,0.00012958843,9.041598677530192,E2F4,16881.0,2084.0,TGF-beta signaling pathway,KEGG
16,EXP_PRPF3 (9129),0.0001048730334559,0.00010507629,8.367287e-06,8.893302e-05,0.000121483485,12.557988079548853,PRPF3,4618.0,866.0,Metabolism Of RNA R-HSA-8953854,Reactome
16,EXP_PRPF3 (9129),0.0001048730334559,0.00010507629,8.367287e-06,8.893302e-05,0.000121483485,12.557988079548853,PRPF3,4618.0,1156.0,Processing Of Capped Intron-Containing Pre-mRNA R-HSA-72203,Reactome
16,EXP_PRPF3 (9129),0.0001048730334559,0.00010507629,8.367287e-06,8.893302e-05,0.000121483485,12.557988079548853,PRPF3,4618.0,1787.0,mRNA Splicing - Major Pathway R-HSA-72163,Reactome
16,EXP_PRPF3 (9129),0.0001048730334559,0.00010507629,8.367287e-06,8.893302e-05,0.000121483485,12.557988079548853,PRPF3,4618.0,1789.0,mRNA Splicing R-HSA-72172,Reactome
16,EXP_PRPF3 (9129),0.0001048730334559,0.00010507629,8.367287e-06,8.893302e-05,0.000121483485,12.557988079548853,PRPF3,4618.0,2073.0,Spliceosome,KEGG
17,EXP_NDUFA5 (4698),0.0001038448433291,0.000103555896,1.100801e-05,8.237206e-05,0.00012553167,9.407322236210735,NDUFA5,5910.0,288.0,Complex I Biogenesis R-HSA-6799198,Reactome
17,EXP_NDUFA5 (4698),0.0001038448433291,0.000103555896,1.100801e-05,8.237206e-05,0.00012553167,9.407322236210735,NDUFA5,5910.0,1196.0,RHO GTPase Cycle R-HSA-9012999,Reactome
17,EXP_NDUFA5 (4698),0.0001038448433291,0.000103555896,1.100801e-05,8.237206e-05,0.00012553167,9.407322236210735,NDUFA5,5910.0,1216.0,RHOG GTPase Cycle R-HSA-9013408,Reactome
17,EXP_NDUFA5 (4698),0.0001038448433291,0.000103555896,1.100801e-05,8.237206e-05,0.00012553167,9.407322236210735,NDUFA5,5910.0,1359.0,Respiratory Electron Transport R-HSA-611105,Reactome
17,EXP_NDUFA5 (4698),0.0001038448433291,0.000103555896,1.100801e-05,8.237206e-05,0.00012553167,9.407322236210735,NDUFA5,5910.0,1360.0,"Respiratory Electron Transport, ATP Synthesis By Chemiosmotic Coupling, Heat Production By Uncoupling Proteins R-HSA-163200",Reactome
17,EXP_NDUFA5 (4698),0.0001038448433291,0.000103555896,1.100801e-05,8.237206e-05,0.00012553167,9.407322236210735,NDUFA5,5910.0,1521.0,Signaling By Rho GTPases R-HSA-194315,Reactome
17,EXP_NDUFA5 (4698),0.0001038448433291,0.000103555896,1.100801e-05,8.237206e-05,0.00012553167,9.407322236210735,NDUFA5,5910.0,1522.0,"Signaling By Rho GTPases, Miro GTPases And RHOBTB3 R-HSA-9716542",Reactome
17,EXP_NDUFA5 (4698),0.0001038448433291,0.000103555896,1.100801e-05,8.237206e-05,0.00012553167,9.407322236210735,NDUFA5,5910.0,1653.0,Citric Acid (TCA) Cycle And Respiratory Electron Transport R-HSA-1428517,Reactome
17,EXP_NDUFA5 (4698),0.0001038448433291,0.000103555896,1.100801e-05,8.237206e-05,0.00012553167,9.407322236210735,NDUFA5,5910.0,1829.0,Alzheimer disease,KEGG
17,EXP_NDUFA5 (4698),0.0001038448433291,0.000103555896,1.100801e-05,8.237206e-05,0.00012553167,9.407322236210735,NDUFA5,5910.0,1946.0,Huntington disease,KEGG
17,EXP_NDUFA5 (4698),0.0001038448433291,0.000103555896,1.100801e-05,8.237206e-05,0.00012553167,9.407322236210735,NDUFA5,5910.0,1993.0,Non-alcoholic fatty liver disease (NAFLD),KEGG
17,EXP_NDUFA5 (4698),0.0001038448433291,0.000103555896,1.100801e-05,8.237206e-05,0.00012553167,9.407322236210735,NDUFA5,5910.0,2005.0,Oxidative phosphorylation,KEGG
17,EXP_NDUFA5 (4698),0.0001038448433291,0.000103555896,1.100801e-05,8.237206e-05,0.00012553167,9.407322236210735,NDUFA5,5910.0,2013.0,Parkinson disease,KEGG
17,EXP_NDUFA5 (4698),0.0001038448433291,0.000103555896,1.100801e-05,8.237206e-05,0.00012553167,9.407322236210735,NDUFA5,5910.0,2058.0,Retrograde endocannabinoid signaling,KEGG
17,EXP_NDUFA5 (4698),0.0001038448433291,0.000103555896,1.100801e-05,8.237206e-05,0.00012553167,9.407322236210735,NDUFA5,5910.0,2091.0,Thermogenesis,KEGG
18,EXP_USP31 (57478),0.0001018890923042,0.00010201627,6.1254837e-06,9.033407e-05,0.00011427924,16.654402364487886,USP31,,,,
19,CRISPR_PXMP2 (5827),0.0001017334415853,0.000101731275,8.411321e-06,8.568684e-05,0.000118253985,12.094565959746204,PXMP2,13591.0,272.0,Class I Peroxisomal Membrane Protein Import R-HSA-9603798,Reactome
19,CRISPR_PXMP2 (5827),0.0001017334415853,0.000101731275,8.411321e-06,8.568684e-05,0.000118253985,12.094565959746204,PXMP2,13591.0,394.0,Developmental Biology R-HSA-1266738,Reactome
19,CRISPR_PXMP2 (5827),0.0001017334415853,0.000101731275,8.411321e-06,8.568684e-05,0.000118253985,12.094565959746204,PXMP2,13591.0,448.0,EGR2 And SOX10-mediated Initiation Of Schwann Cell Myelination R-HSA-9619665,Reactome
19,CRISPR_PXMP2 (5827),0.0001017334415853,0.000101731275,8.411321e-06,8.568684e-05,0.000118253985,12.094565959746204,PXMP2,13591.0,646.0,Glyoxylate Metabolism And Glycine Degradation R-HSA-389661,Reactome
19,CRISPR_PXMP2 (5827),0.0001017334415853,0.000101731275,8.411321e-06,8.568684e-05,0.000118253985,12.094565959746204,PXMP2,13591.0,868.0,Metabolism Of Amino Acids And Derivatives R-HSA-71291,Reactome
19,CRISPR_PXMP2 (5827),0.0001017334415853,0.000101731275,8.411321e-06,8.568684e-05,0.000118253985,12.094565959746204,PXMP2,13591.0,990.0,Nervous System Development R-HSA-9675108,Reactome
19,CRISPR_PXMP2 (5827),0.0001017334415853,0.000101731275,8.411321e-06,8.568684e-05,0.000118253985,12.094565959746204,PXMP2,13591.0,1169.0,Protein Localization R-HSA-9609507,Reactome
19,CRISPR_PXMP2 (5827),0.0001017334415853,0.000101731275,8.411321e-06,8.568684e-05,0.000118253985,12.094565959746204,PXMP2,13591.0,2018.0,Peroxisome,KEGG
20,CRISPR_MYL7 (58498),0.0001006947174834,0.00010038799,1.0208777e-05,8.1438e-05,0.00012085184,9.8334982246127,MYL7,3290.0,926.0,Muscle Contraction R-HSA-397014,Reactome
20,CRISPR_MYL7 (58498),0.0001006947174834,0.00010038799,1.0208777e-05,8.1438e-05,0.00012085184,9.8334982246127,MYL7,3290.0,1540.0,Smooth Muscle Contraction R-HSA-445355,Reactome
20,CRISPR_MYL7 (58498),0.0001006947174834,0.00010038799,1.0208777e-05,8.1438e-05,0.00012085184,9.8334982246127,MYL7,3290.0,1908.0,Focal adhesion,KEGG
20,CRISPR_MYL7 (58498),0.0001006947174834,0.00010038799,1.0208777e-05,8.1438e-05,0.00012085184,9.8334982246127,MYL7,3290.0,1961.0,Leukocyte transendothelial migration,KEGG
20,CRISPR_MYL7 (58498),0.0001006947174834,0.00010038799,1.0208777e-05,8.1438e-05,0.00012085184,9.8334982246127,MYL7,3290.0,2051.0,Regulation of actin cytoskeleton,KEGG
